Classe,x,y,z
0,0.0982953,0.389517,0.315147
0,0.107189,0.46335,0.327114
0,0.0767166,0.482182,0.359118
0,0.112383,0.449089,0.304617
0,0.0697039,0.428969,0.295681
0,0.123847,0.495812,0.240907
0,0.0747929,0.481035,0.306652
0,0.08584,0.428852,0.332682
0,0.0990892,0.437019,0.249066
0,0.169697,0.439667,0.288391
0,0.100982,0.491644,0.314228
0,0.148997,0.478062,0.369916
0,0.109183,0.46268,0.342375
0,0.134871,0.462663,0.317873
0,0.0495506,0.42933,0.303492
0,0.159173,0.463642,0.343095
0,0.0996468,0.468523,0.358995
0,0.107659,0.497436,0.356068
0,0.0380238,0.402708,0.286613
0,0.140035,0.453084,0.267645
0,0.138523,0.401916,0.368866
0,0.0478452,0.398522,0.298886
0,0.126828,0.479927,0.289084
0,0.0993585,0.459107,0.31951
0,0.0369485,0.456466,0.330643
0,0.115253,0.463174,0.414262
0,0.111555,0.507725,0.355346
0,0.0014693,0.382436,0.331757
0,0.102891,0.414536,0.309262
0,0.115747,0.49368,0.351251
0,0.0915889,0.461046,0.301837
0,0.106921,0.430733,0.349863
0,0.0814923,0.491733,0.311947
0,0.109394,0.371102,0.309902
0,0.0836631,0.449385,0.319042
0,0.145898,0.490671,0.315341
0,0.0518903,0.473626,0.333132
0,0.111847,0.438753,0.313331
0,0.0467505,0.400096,0.334172
0,0.101061,0.447059,0.32602
0,0.151784,0.451182,0.268686
0,0.0906443,0.428347,0.293426
0,0.0907821,0.444637,0.353912
0,0.0843265,0.373604,0.290868
0,0.117654,0.399719,0.305324
0,0.140132,0.418868,0.355529
0,0.151252,0.436257,0.350002
0,0.0685101,0.38958,0.321152
0,0.111827,0.43983,0.314748
0,0.0892971,0.47985,0.343462
0,0.107269,0.443336,0.369881
0,0.0672865,0.447515,0.317925
0,0.103902,0.479897,0.303415
0,0.0912707,0.444025,0.308235
0,0.147877,0.426461,0.379395
0,0.0988821,0.456626,0.358372
0,0.144863,0.480922,0.31933
0,0.0760367,0.485719,0.31911
0,0.100947,0.463033,0.352011
0,0.0849255,0.432815,0.306034
0,0.160667,0.456559,0.349946
0,0.0733497,0.438072,0.29699
0,0.0950675,0.419755,0.338639
0,0.090661,0.40807,0.2788
0,0.0633655,0.438808,0.277422
0,0.0903715,0.410887,0.352157
0,0.0850684,0.439459,0.357774
0,0.116732,0.450365,0.298801
0,0.0807123,0.466768,0.321945
0,0.090469,0.434802,0.318353
0,0.077089,0.420902,0.298269
0,0.0955089,0.491138,0.322685
0,0.0806658,0.401929,0.318616
0,0.158516,0.43002,0.328042
0,0.0844325,0.377057,0.284664
0,0.177604,0.538536,0.297523
0,0.104929,0.422556,0.28553
0,0.184227,0.472948,0.284648
0,0.122588,0.479816,0.341539
0,0.104438,0.409689,0.292729
0,0.099059,0.418766,0.286528
0,0.12463,0.460771,0.240049
0,0.0510972,0.495814,0.282837
0,0.10413,0.474545,0.308978
0,0.0891272,0.473228,0.279607
0,0.125161,0.455781,0.323923
0,0.137099,0.476845,0.28082
0,0.0881228,0.430413,0.321027
0,0.0937141,0.409098,0.35181
0,0.113949,0.464358,0.313432
0,0.116789,0.457246,0.387048
0,0.104808,0.416972,0.374959
0,0.0914437,0.474399,0.336538
0,0.0799376,0.421031,0.3077
0,0.0917012,0.47575,0.299994
0,0.125811,0.485831,0.389676
0,0.20897,0.423457,0.305412
0,0.095339,0.410668,0.301659
0,0.123685,0.470213,0.271821
0,0.151994,0.460533,0.317773
0,0.11005,0.448507,0.324317
0,0.0835124,0.453485,0.351625
0,0.122879,0.473002,0.350354
0,0.0812745,0.441313,0.30778
0,0.0624506,0.452252,0.371599
0,0.140126,0.430644,0.320413
0,0.088426,0.43244,0.328194
0,0.0159344,0.491637,0.302008
0,0.173448,0.410845,0.325966
0,0.118222,0.41627,0.378366
0,0.0657198,0.484183,0.329298
0,0.0784092,0.474831,0.304812
0,0.0907087,0.4549,0.320365
0,0.161901,0.394785,0.287152
0,0.072887,0.368814,0.303959
0,0.132076,0.42477,0.326529
0,0.102254,0.427599,0.274311
0,0.13206,0.480066,0.313051
0,0.104796,0.47635,0.321679
0,0.0531933,0.408364,0.317893
0,0.101275,0.42699,0.302598
0,0.117474,0.417006,0.345402
0,0.0909779,0.402083,0.353284
0,0.0218132,0.455373,0.291521
0,0.1114,0.43003,0.351646
0,0.153507,0.482415,0.329116
0,0.135881,0.438465,0.335279
0,0.159094,0.425442,0.387129
0,0.108646,0.40484,0.287606
0,0.0910935,0.438821,0.280862
0,0.132918,0.463722,0.341045
0,0.0908033,0.469667,0.299371
0,0.0856007,0.460976,0.305226
0,0.0672279,0.465296,0.258889
0,0.141372,0.437581,0.313947
0,0.109102,0.440275,0.239604
0,0.143054,0.457616,0.317359
0,0.08083,0.457321,0.306462
0,0.0909195,0.49441,0.326304
0,0.105856,0.47114,0.334066
0,0.0967426,0.42583,0.337254
0,0.114013,0.43753,0.310962
0,0.145526,0.470669,0.335937
0,0.110747,0.448948,0.292723
0,0.110779,0.447934,0.318953
0,0.105149,0.496081,0.354221
0,0.111415,0.454938,0.287309
0,0.126147,0.420137,0.36117
0,0.0224814,0.45579,0.290833
0,0.0686166,0.486956,0.334246
0,0.101123,0.422029,0.348769
0,0.0888443,0.450713,0.344452
0,0.0780095,0.378686,0.33862
0,0.0837736,0.390106,0.290881
0,0.086835,0.435578,0.295514
0,0.0728034,0.430265,0.306828
0,0.0889007,0.494776,0.306935
0,0.100201,0.439563,0.313577
0,0.0790353,0.490438,0.319202
0,0.123182,0.460688,0.404531
0,0.111884,0.426299,0.388906
0,0.06194,0.475703,0.359693
0,0.0996029,0.501493,0.291051
0,0.0878651,0.395005,0.331011
0,0.0113106,0.450131,0.298292
0,0.0742881,0.453266,0.377404
0,0.126436,0.451646,0.360528
0,0.0690071,0.448391,0.29629
0,0.118993,0.438925,0.272411
0,0.127017,0.482708,0.283697
0,0.0803108,0.43305,0.286586
0,0.152189,0.454695,0.30784
0,0.0685867,0.446262,0.318331
0,0.0926016,0.43735,0.293011
0,0.129753,0.47785,0.361699
0,0.100758,0.475539,0.348276
0,0.0823229,0.479965,0.351896
0,0.0992598,0.430354,0.31484
0,0.0878629,0.430201,0.305169
0,0.10906,0.441206,0.360083
0,0.0945196,0.506738,0.348326
0,0.0988603,0.447032,0.315712
0,0.083249,0.480587,0.287362
0,0.0972444,0.436415,0.314357
0,0.126599,0.445194,0.331795
0,0.0288634,0.439035,0.313095
0,0.04379,0.423015,0.353106
0,0.0785777,0.411842,0.2633
0,0.0805601,0.433207,0.365878
0,0.136751,0.411791,0.350949
0,0.10902,0.499118,0.305578
0,0.124315,0.469573,0.327048
0,0.0442815,0.46898,0.322259
0,0.0927175,0.451109,0.28667
0,0.109286,0.472785,0.282898
0,0.115609,0.456878,0.362351
0,0.130489,0.509471,0.355563
0,0.0632927,0.418581,0.303255
0,0.144111,0.444772,0.367315
0,0.133111,0.45522,0.270901
0,0.151113,0.477947,0.296249
0,0.102071,0.441035,0.292153
0,0.0812782,0.465193,0.321527
0,0.122698,0.491032,0.245279
0,0.105727,0.396105,0.345166
0,0.0997828,0.449429,0.293602
0,0.162953,0.457217,0.338443
0,0.0860674,0.468874,0.307887
0,0.0943678,0.428335,0.303016
0,0.140389,0.457478,0.331231
0,0.0812281,0.424746,0.322458
0,0.124156,0.44334,0.335077
0,0.0486438,0.483037,0.282036
0,0.12542,0.437611,0.307829
0,0.0894615,0.418611,0.328304
0,0.117808,0.416307,0.343987
0,0.0730304,0.429709,0.304514
0,0.079496,0.440865,0.326242
0,0.122017,0.418456,0.345459
0,0.0377973,0.458223,0.362378
0,0.140099,0.458223,0.370111
0,0.126996,0.503171,0.319975
0,0.105664,0.442264,0.369236
0,0.116555,0.427292,0.318122
0,0.0881266,0.457953,0.292104
0,0.0485021,0.376522,0.329629
0,0.0917143,0.425189,0.38679
0,0.102182,0.439103,0.23722
0,0.114198,0.451246,0.327126
0,0.140413,0.476013,0.326905
0,0.130302,0.498233,0.325586
0,0.12473,0.467001,0.346455
0,0.110025,0.471832,0.285148
0,0.0760486,0.494082,0.290015
0,0.134308,0.486436,0.322256
0,0.162917,0.466689,0.348101
0,0.169058,0.510032,0.367858
0,0.0519613,0.4932,0.306691
0,0.0811404,0.407995,0.333624
0,0.103224,0.452374,0.383817
0,0.0923918,0.43807,0.359906
0,0.0382676,0.417906,0.293671
0,0.108833,0.42235,0.388447
0,0.0868845,0.441681,0.320163
0,0.0969152,0.442139,0.321055
0,0.0567559,0.420042,0.290107
0,0.073644,0.422124,0.324445
0,0.0595736,0.411484,0.297994
0,0.117546,0.452594,0.330394
0,0.111861,0.465492,0.316666
0,0.13153,0.474887,0.305718
0,0.0988847,0.38673,0.324163
0,0.0815958,0.457444,0.349717
0,0.140865,0.474938,0.309466
0,0.138286,0.447118,0.328623
0,0.142729,0.440824,0.343854
0,0.111912,0.460288,0.379762
0,0.111277,0.442669,0.289303
0,0.110481,0.454927,0.383755
0,0.102481,0.463993,0.268319
0,0.0950014,0.386941,0.307135
0,0.121234,0.456933,0.332071
0,0.0711324,0.394012,0.267315
0,0.0671157,0.420997,0.318796
0,0.149361,0.443303,0.394522
0,0.0948121,0.441186,0.380157
0,0.110447,0.461251,0.316362
0,0.0841656,0.41863,0.345977
0,0.0710499,0.463934,0.30564
0,0.162196,0.488065,0.378905
0,0.127557,0.440758,0.31239
0,0.0848192,0.452505,0.291962
0,0.102162,0.454589,0.270184
0,0.0967251,0.387615,0.273303
0,0.0555007,0.403568,0.352494
0,0.111776,0.421583,0.274262
0,0.0561551,0.462118,0.37807
0,0.090984,0.470298,0.345733
0,0.116817,0.47688,0.329328
0,0.0876195,0.446972,0.348649
0,0.156311,0.453762,0.339457
0,0.0842316,0.399734,0.31796
0,0.0886571,0.443125,0.285932
0,0.101329,0.456263,0.323324
0,0.113226,0.481447,0.337887
0,0.11152,0.464493,0.313176
0,0.132842,0.471425,0.346616
0,0.119839,0.478119,0.360088
0,0.0596531,0.480668,0.338015
0,0.112923,0.491229,0.358087
0,0.130739,0.435605,0.339656
0,0.124591,0.438231,0.350947
0,0.168469,0.50053,0.238653
0,0.0860065,0.463633,0.359966
0,0.131919,0.464876,0.334518
0,0.164907,0.493591,0.29608
0,0.0655577,0.409757,0.359312
0,0.0776352,0.4605,0.300715
0,0.0939204,0.422402,0.306272
0,0.120715,0.53108,0.298433
0,0.122195,0.415881,0.338955
0,0.0729055,0.414543,0.299081
0,0.120474,0.450057,0.334934
0,0.138253,0.420922,0.34598
0,0.0993647,0.4602,0.280967
0,0.134007,0.385697,0.329527
0,0.0594818,0.400163,0.307694
0,0.0816452,0.432616,0.374156
0,0.0758104,0.444949,0.317783
0,0.0551281,0.495932,0.31051
0,0.105278,0.486718,0.302651
0,0.113438,0.483364,0.303172
0,0.071386,0.448352,0.334056
0,0.0559374,0.50469,0.300833
0,0.136547,0.420784,0.352256
0,0.0840069,0.393382,0.273034
0,0.137783,0.458194,0.364573
0,0.123859,0.504594,0.347816
0,0.111453,0.417425,0.314761
0,0.0780251,0.453327,0.3748
0,0.104379,0.445944,0.343488
0,0.11787,0.45261,0.348517
0,0.0965801,0.438626,0.325354
0,0.128269,0.435634,0.338099
0,0.144565,0.464087,0.34676
0,0.0993165,0.41894,0.297805
0,0.112252,0.406144,0.285607
0,0.158567,0.46094,0.31756
0,0.0575721,0.422061,0.331672
0,0.0459198,0.516425,0.367768
0,0.0836077,0.489799,0.31437
0,0.132708,0.417035,0.320149
0,0.0902081,0.435589,0.287951
0,0.0774494,0.499071,0.310927
0,0.129708,0.445341,0.331793
0,0.103167,0.416325,0.35646
0,0.0715019,0.456023,0.288206
0,0.115645,0.434262,0.303924
0,0.109741,0.427634,0.344755
0,0.12737,0.463828,0.321948
0,0.0955432,0.383832,0.304443
0,0.110916,0.459231,0.262613
0,0.0754811,0.482838,0.342425
0,0.0882636,0.439356,0.317714
0,0.143009,0.4597,0.344899
0,0.082546,0.477375,0.317278
0,0.126494,0.484008,0.28464
0,0.0995284,0.431978,0.282434
0,0.0867349,0.479053,0.264076
0,0.11178,0.445661,0.294533
0,0.0982278,0.397999,0.271976
0,0.0962205,0.438828,0.261297
0,0.0966691,0.423435,0.341159
0,0.0659054,0.449549,0.308084
0,0.114704,0.50269,0.319838
0,0.0990128,0.474007,0.3338
0,0.0987239,0.475776,0.317644
0,0.103486,0.476079,0.330259
0,0.147015,0.440048,0.299485
0,0.104504,0.412616,0.349349
0,0.0936082,0.458318,0.292795
0,0.10739,0.47758,0.362616
0,0.0957904,0.506717,0.353012
0,0.0617903,0.402999,0.36578
0,0.153139,0.474422,0.299523
0,0.0917809,0.435019,0.403898
0,0.110138,0.418377,0.334541
0,0.150955,0.481683,0.373735
0,0.0939572,0.415217,0.326621
0,0.11521,0.400498,0.336195
0,0.10273,0.37783,0.317893
0,0.0715341,0.428678,0.338015
0,0.0973642,0.455909,0.309502
0,0.111014,0.421763,0.285386
0,0.148533,0.42141,0.315227
0,0.153338,0.419244,0.319602
0,0.0918569,0.468113,0.28294
0,0.0504885,0.471509,0.298978
0,0.132585,0.459732,0.307565
0,0.0740531,0.45659,0.297658
0,0.0930602,0.477555,0.251083
0,0.157298,0.470738,0.345304
0,0.0881078,0.448206,0.348981
0,0.133866,0.487526,0.325835
0,0.0849771,0.391765,0.345086
0,0.141707,0.469394,0.323493
0,0.147463,0.485131,0.375741
0,0.1411,0.461613,0.326543
0,0.114673,0.479314,0.361084
0,0.0828398,0.485242,0.359198
0,0.101586,0.403135,0.290029
0,0.0810403,0.494692,0.324715
0,0.106801,0.416557,0.330739
0,0.114365,0.496213,0.378927
0,0.129956,0.473713,0.343081
0,0.13894,0.453554,0.272853
0,0.100716,0.374758,0.34261
0,0.0624738,0.456647,0.334719
0,0.0761425,0.419127,0.309591
0,0.157131,0.404413,0.382246
0,0.183877,0.42904,0.319865
0,0.0880222,0.458638,0.290863
0,0.0579761,0.44235,0.323133
0,0.090804,0.425379,0.311205
0,0.155175,0.472103,0.279667
0,0.140906,0.477383,0.303969
0,0.142869,0.45414,0.300451
0,0.071072,0.492216,0.310696
0,0.0801742,0.468472,0.315831
0,0.14751,0.468134,0.350546
0,0.135262,0.431625,0.36376
0,0.10948,0.45548,0.315397
0,0.141091,0.489668,0.338931
0,0.0863345,0.463885,0.2832
0,0.103458,0.475574,0.322204
0,0.0947221,0.368476,0.362621
0,0.0931437,0.412347,0.321722
0,0.0387666,0.402116,0.401127
0,0.15105,0.543067,0.335952
0,0.0355071,0.516686,0.337539
0,0.115076,0.437649,0.312603
0,0.072487,0.455313,0.352201
0,0.118654,0.393101,0.302771
0,0.0880236,0.458544,0.329335
0,0.0583719,0.41875,0.3205
0,0.170309,0.41081,0.321443
0,0.136536,0.485807,0.32917
0,0.11354,0.433837,0.324577
0,0.0707348,0.420973,0.316724
0,0.103523,0.494396,0.273644
0,0.113578,0.441593,0.296241
0,0.11284,0.430353,0.269667
0,0.0641642,0.446585,0.296287
0,0.0321857,0.441705,0.324366
0,0.0901874,0.456315,0.35425
0,0.0681166,0.51058,0.28644
0,0.100445,0.409492,0.282477
0,0.146483,0.461428,0.388424
0,0.0838716,0.3604,0.336535
0,0.0641069,0.437877,0.297848
0,0.0740831,0.445829,0.368923
0,0.106792,0.386554,0.3734
0,0.0277452,0.413928,0.359861
0,0.0583966,0.452977,0.385453
0,0.0203252,0.455446,0.298135
0,0.0714023,0.486925,0.302626
0,0.122575,0.462022,0.348002
0,0.0930405,0.452681,0.314142
0,0.141254,0.439757,0.3056
0,0.118494,0.458869,0.288856
0,0.0808024,0.440622,0.266011
0,0.118608,0.440732,0.36661
0,0.108593,0.397279,0.353105
0,0.0849606,0.407535,0.356727
0,0.126757,0.450608,0.29555
0,0.144523,0.445915,0.383737
0,0.0533643,0.469029,0.364141
0,0.132978,0.415968,0.359015
0,0.140623,0.446563,0.368093
0,0.0652877,0.496361,0.334178
0,0.107302,0.441652,0.384901
0,0.120816,0.405427,0.297182
0,0.108823,0.455787,0.352853
0,0.119923,0.425805,0.36239
0,0.113524,0.4354,0.363571
0,0.14105,0.448555,0.390711
0,0.0721357,0.452189,0.284205
0,0.152789,0.398795,0.387097
0,0.108743,0.438807,0.273467
0,0.153187,0.455739,0.320424
0,0.0787903,0.438445,0.320903
0,0.132304,0.483816,0.369076
0,0.106114,0.453671,0.293022
0,0.125637,0.451915,0.347143
0,0.0877573,0.454675,0.31857
0,0.128945,0.506974,0.311109
0,0.119957,0.426716,0.346329
0,0.158051,0.434983,0.273683
0,0.104937,0.48927,0.347875
0,0.0646671,0.453688,0.282396
0,0.116579,0.4266,0.290523
0,0.116239,0.470329,0.293126
0,0.138025,0.413884,0.303557
0,0.0479488,0.469762,0.316502
0,0.101239,0.47615,0.268942
0,0.109265,0.474844,0.287688
0,0.0997275,0.518736,0.353203
0,0.0916834,0.40668,0.294705
0,0.0508262,0.455178,0.346996
0,0.105101,0.425783,0.347896
0,0.0835669,0.478749,0.357865
0,0.0749999,0.415616,0.333237
0,0.129101,0.461808,0.289031
0,0.0941307,0.481221,0.283981
0,0.0955122,0.436863,0.302867
0,0.049317,0.420112,0.323672
0,0.0676654,0.46131,0.346301
0,0.0997088,0.482504,0.31595
0,0.110367,0.416415,0.347341
0,0.117851,0.430504,0.368112
0,0.112405,0.401686,0.276752
0,0.0972556,0.415292,0.309073
0,0.0616481,0.45702,0.289397
0,0,0.48744,0.344647
0,0.117293,0.425372,0.315465
0,0.117875,0.391595,0.359108
0,0.0809905,0.435246,0.323797
0,0.0541355,0.391088,0.330566
0,0.0958116,0.462766,0.313102
0,0.091519,0.515978,0.306877
0,0.106589,0.457051,0.358641
0,0.101159,0.419006,0.355345
0,0.170366,0.401985,0.400811
0,0.117583,0.475733,0.333246
0,0.12262,0.472653,0.361232
0,0.0416092,0.487428,0.333596
0,0.0804837,0.406901,0.323093
0,0.137985,0.482665,0.297292
0,0.13223,0.393348,0.268804
0,0.0901345,0.460808,0.358618
0,0.0664548,0.417816,0.314959
0,0.0857801,0.426829,0.302688
0,0.0678389,0.443698,0.351039
0,0.0873127,0.50271,0.305141
0,0.0724528,0.449872,0.293827
0,0.108625,0.468408,0.343835
0,0.109826,0.398215,0.331456
0,0.0904575,0.437201,0.342515
0,0.0842514,0.437506,0.341139
0,0.126862,0.464304,0.337052
0,0.117685,0.453823,0.331348
0,0.0754066,0.441031,0.32875
0,0.108158,0.545165,0.378754
0,0.0642037,0.442808,0.335986
0,0.0663495,0.427526,0.34161
0,0.191104,0.439678,0.322007
0,0.10577,0.443273,0.248602
0,0.0715388,0.454784,0.286178
0,0.116799,0.42964,0.251514
0,0.112826,0.39056,0.319816
0,0.145366,0.458851,0.325407
0,0.119067,0.43,0.337598
0,0.0692681,0.490501,0.31816
0,0.071508,0.447431,0.299093
0,0.0568014,0.450646,0.307056
0,0.108804,0.457638,0.335214
0,0.12462,0.468481,0.322938
0,0.133745,0.448565,0.325674
0,0.152697,0.461098,0.295557
0,0.117414,0.398241,0.30351
0,0.0692395,0.463402,0.401514
0,0.170554,0.437925,0.265637
0,0.0833255,0.453126,0.336574
0,0.143526,0.437855,0.396747
0,0.109747,0.398432,0.325195
0,0.100213,0.42862,0.296471
0,0.135862,0.502737,0.33076
0,0.123271,0.382093,0.293209
0,0.10318,0.446814,0.27885
0,0.0438725,0.48937,0.366467
0,0.160014,0.467783,0.37983
0,0.0573869,0.500297,0.295947
0,0.10134,0.437253,0.343019
0,0.0842035,0.464565,0.315533
0,0.136302,0.422282,0.3726
0,0.0534038,0.435998,0.318013
0,0.0313549,0.485268,0.325914
0,0.11924,0.47918,0.30322
0,0.127699,0.436424,0.292717
0,0.082958,0.422693,0.272864
0,0.112085,0.463721,0.283102
0,0.119017,0.413949,0.283817
0,0.088007,0.461075,0.380546
0,0.120332,0.414612,0.367366
0,0.112594,0.523541,0.344043
0,0.122031,0.422999,0.348317
0,0.105384,0.406827,0.307325
0,0.114223,0.463015,0.318799
0,0.0890885,0.431074,0.303345
0,0.0931368,0.476053,0.282951
0,0.135738,0.430221,0.340652
0,0.0580547,0.497738,0.316271
0,0.127072,0.388197,0.295099
0,0.109635,0.518101,0.328551
0,0.124417,0.435006,0.295672
0,0.0481495,0.434493,0.345463
0,0.0843188,0.481047,0.339966
0,0.133024,0.471573,0.33513
0,0.0908339,0.413639,0.326223
0,0.107342,0.481833,0.294342
0,0.126809,0.416797,0.316293
0,0.0855608,0.425396,0.309225
0,0.0635455,0.470195,0.271216
0,0.0474528,0.45249,0.320057
0,0.0861354,0.43668,0.237767
0,0.0798019,0.464281,0.279058
0,0.124082,0.400915,0.300717
0,0.0844405,0.420131,0.299274
0,0.0825603,0.466974,0.321901
0,0.0642657,0.481605,0.309607
0,0.112039,0.478947,0.314004
0,0.139912,0.440278,0.31053
0,0.0832885,0.452244,0.291022
0,0.0594062,0.454646,0.350014
0,0.076667,0.440143,0.367709
0,0.109871,0.426515,0.268014
0,0.123072,0.441,0.33069
0,0.111096,0.457558,0.337307
0,0.128581,0.471386,0.356261
0,0.090335,0.43659,0.326747
0,0.0590731,0.466104,0.303555
0,0.0962393,0.471391,0.293153
0,0.177478,0.443984,0.379386
0,0.118831,0.444372,0.354007
0,0.110061,0.453757,0.324344
0,0.122505,0.454596,0.302624
0,0.127559,0.438243,0.330928
0,0.0511622,0.492644,0.307688
0,0.0845425,0.451207,0.287682
0,0.0792912,0.398491,0.265916
0,0.0949913,0.425215,0.335712
0,0.147504,0.475354,0.351799
0,0.132601,0.440238,0.310908
0,0.087946,0.382589,0.389638
0,0.0787312,0.438836,0.38639
0,0.0862459,0.492623,0.33277
0,0.0935234,0.451384,0.298369
0,0.136122,0.493319,0.33099
0,0.131866,0.460725,0.346844
0,0.110441,0.421952,0.39764
0,0.126727,0.476817,0.286085
0,0.0724531,0.39866,0.315141
0,0.11547,0.441102,0.356866
0,0.0531043,0.426444,0.332403
0,0.0708983,0.469765,0.318081
0,0.111275,0.428171,0.303455
0,0.071376,0.473626,0.307526
0,0.0380466,0.50197,0.362465
0,0.0975561,0.443692,0.318297
0,0.0598864,0.475603,0.334129
0,0.120336,0.461521,0.316225
0,0.0655794,0.439685,0.364347
0,0.123469,0.410189,0.277068
0,0.0774157,0.453971,0.310503
0,0.0805498,0.428757,0.322914
0,0.107427,0.527278,0.339588
0,0.165424,0.423691,0.338056
0,0.074341,0.484099,0.283337
0,0.0959946,0.449497,0.373825
0,0.0777207,0.466599,0.296366
0,0.132545,0.460923,0.33456
0,0.123471,0.464664,0.314093
0,0.0672028,0.504881,0.308222
0,0.137204,0.48677,0.333323
0,0.100075,0.471927,0.259372
0,0.0749684,0.405247,0.359546
0,0.075379,0.438585,0.332589
0,0.0751991,0.421326,0.314598
0,0.185152,0.433904,0.337677
0,0.103616,0.435243,0.318135
0,0.118017,0.457828,0.355187
0,0.17086,0.413168,0.316454
0,0.179136,0.460794,0.271562
0,0.0721907,0.452672,0.328974
0,0.107461,0.462272,0.307411
0,0.0713601,0.451521,0.291928
0,0.181052,0.48777,0.330257
0,0.147116,0.428324,0.320483
0,0.0823147,0.421489,0.321455
0,0.107844,0.44333,0.345739
0,0.109558,0.463374,0.337086
0,0.0886993,0.471891,0.378762
0,0.0717965,0.482914,0.301701
0,0.107113,0.465806,0.300384
0,0.123682,0.413837,0.352309
0,0.0682973,0.427615,0.35534
0,0.0884979,0.44848,0.306354
0,0.12102,0.426908,0.327325
0,0.0944048,0.463693,0.336543
0,0.116747,0.449431,0.366687
0,0.105457,0.423675,0.324109
0,0.0458713,0.44581,0.329256
0,0.129087,0.439946,0.274424
0,0.144831,0.479123,0.356446
0,0.15034,0.480027,0.356907
0,0.0505612,0.465231,0.341614
0,0.121979,0.442074,0.255695
0,0.0851298,0.498261,0.335036
0,0.0963788,0.46057,0.277107
0,0.0878865,0.439185,0.340256
0,0.100986,0.445963,0.289926
0,0.150207,0.419575,0.3466
0,0.101303,0.468624,0.332688
0,0.077598,0.422919,0.312946
0,0.0918874,0.464314,0.326857
0,0.140942,0.429832,0.322996
0,0.151827,0.420577,0.367954
0,0.117974,0.432415,0.38045
0,0.096007,0.442511,0.358249
0,0.100505,0.458987,0.347577
0,0.066123,0.4495,0.305007
0,0.122792,0.463199,0.271029
0,0.090966,0.393824,0.339433
0,0.0685302,0.430475,0.337425
0,0.0982657,0.387307,0.269417
0,0.130545,0.377725,0.385501
0,0.124757,0.493672,0.31849
0,0.109415,0.491367,0.257719
0,0.116774,0.401609,0.32559
0,0.0907346,0.466978,0.250102
0,0.13334,0.40452,0.253483
0,0.0930951,0.464417,0.276986
0,0.119175,0.414251,0.365041
0,0.0202599,0.440281,0.326563
0,0.078602,0.435758,0.250251
0,0.0938228,0.460868,0.260792
0,0.0631102,0.435552,0.326478
0,0.0741261,0.481643,0.345893
0,0.107102,0.427502,0.337429
0,0.0883313,0.454098,0.318502
0,0.0541488,0.427304,0.305932
0,0.110112,0.464695,0.31948
0,0.0568037,0.405806,0.28666
0,0.176222,0.376495,0.298207
0,0.0894989,0.382652,0.31778
0,0.105449,0.434079,0.293069
0,0.135529,0.43195,0.30726
0,0.151451,0.376657,0.342769
0,0.0335973,0.519494,0.327211
0,0.0732608,0.434994,0.292014
0,0.16673,0.436126,0.326232
0,0.134056,0.438789,0.359975
0,0.0952009,0.519995,0.316209
0,0.112642,0.412005,0.331578
0,0.199224,0.46702,0.336871
0,0.120023,0.429421,0.344312
0,0.149348,0.455473,0.275275
0,0.141249,0.453355,0.313563
0,0.118887,0.471408,0.314428
0,0.126513,0.441363,0.370045
0,0.109461,0.424892,0.27415
0,0.115065,0.52486,0.326797
0,0.0770686,0.46854,0.287188
0,0.110558,0.470977,0.275084
0,0.0995236,0.395461,0.323162
0,0.108615,0.411349,0.346853
0,0.114704,0.404562,0.276313
0,0.0880875,0.447299,0.346204
0,0.118418,0.382326,0.312113
0,0.0685651,0.469616,0.311961
0,0.0668585,0.440869,0.309436
0,0.130975,0.458864,0.224186
0,0.0821297,0.474757,0.317567
0,0.0748587,0.475344,0.36287
0,0.0990864,0.4679,0.339552
0,0.108029,0.413413,0.285122
0,0.119939,0.458625,0.306628
0,0.0493681,0.492392,0.369486
0,0.131233,0.456852,0.364253
0,0.0089276,0.428076,0.351763
0,0.0852604,0.466534,0.312205
0,0.122667,0.46494,0.33274
0,0.109702,0.426923,0.310001
0,0.0851751,0.419478,0.320743
0,0.0948607,0.440995,0.315099
0,0.159794,0.428138,0.303033
0,0.119683,0.479934,0.36338
0,0.127022,0.439469,0.277252
0,0.130203,0.462694,0.341027
0,0.0902066,0.442236,0.300929
0,0.111723,0.445283,0.301595
0,0.0505607,0.413271,0.302635
0,0.0835285,0.489488,0.312332
0,0.152921,0.446764,0.378166
0,0.108704,0.423869,0.336335
0,0.134254,0.465155,0.323326
0,0.0709002,0.475889,0.315789
0,0.105439,0.399884,0.315673
0,0.119979,0.461783,0.298276
0,0.0797893,0.459514,0.324453
0,0.125565,0.399146,0.315514
0,0.0923958,0.444087,0.317539
0,0.107712,0.449894,0.367207
0,0.120745,0.423332,0.295674
0,0.0806066,0.4289,0.337774
0,0.114574,0.400382,0.320672
0,0.131223,0.430995,0.364474
0,0.0141735,0.460027,0.339689
0,0.0919363,0.414399,0.335464
0,0.0986685,0.463884,0.327743
0,0.0663932,0.41612,0.325719
0,0.116737,0.469448,0.348758
0,0.087949,0.414335,0.290398
0,0.141832,0.435398,0.273657
0,0.123434,0.410025,0.319855
0,0.0950913,0.469756,0.314834
0,0.118536,0.441407,0.343443
0,0.082479,0.440177,0.308662
0,0.0859801,0.476732,0.364108
0,0.112614,0.469605,0.311836
0,0.103766,0.426289,0.348851
0,0.0741313,0.49643,0.297895
0,0.161868,0.433403,0.351168
0,0.103294,0.393337,0.320252
0,0.134557,0.451472,0.380004
0,0.00937273,0.455046,0.36485
0,0.182949,0.461781,0.319912
0,0.133145,0.426548,0.319626
0,0.107883,0.48084,0.278406
0,0.110066,0.432551,0.26015
0,0.115118,0.45176,0.322724
0,0.102188,0.424558,0.350539
0,0.0947029,0.410315,0.330624
0,0.125647,0.446966,0.314415
0,0.0354614,0.469614,0.38708
0,0.096898,0.43004,0.303206
0,0.145423,0.463446,0.315467
0,0.109178,0.425419,0.30567
0,0.0861088,0.411992,0.332163
0,0.0255247,0.426817,0.277656
0,0.175898,0.427875,0.318633
0,0.16864,0.405516,0.275052
0,0.109571,0.480158,0.323244
0,0.103153,0.470885,0.31801
0,0.0656969,0.450467,0.332339
0,0.0895373,0.469123,0.339608
0,0.0951199,0.479746,0.351649
0,0.125978,0.43728,0.271537
0,0.0286276,0.50932,0.351727
0,0.135576,0.4216,0.328118
0,0.158718,0.443177,0.297294
0,0.133627,0.475276,0.292381
0,0.0348331,0.425704,0.352603
0,0.100453,0.455804,0.388879
0,0.131858,0.479808,0.333143
0,0.0756314,0.481034,0.301113
0,0.121276,0.485897,0.276511
0,0.121275,0.462409,0.369678
0,0.123517,0.425564,0.296335
0,0.14327,0.484467,0.375162
0,0.130233,0.373948,0.327055
0,0.0694919,0.469853,0.355741
0,0.101145,0.525003,0.301312
0,0.14873,0.439065,0.268299
0,0.140395,0.455606,0.350555
0,0.0210692,0.448856,0.333192
0,0.0531573,0.456371,0.357959
0,0.111956,0.489801,0.337585
0,0.100252,0.445505,0.30739
0,0.0740481,0.478773,0.304913
0,0.137814,0.448251,0.299158
0,0.185089,0.422684,0.336948
0,0.0685881,0.415799,0.380234
0,0.112762,0.431331,0.350493
0,0.128181,0.520985,0.314255
0,0.104678,0.386304,0.351554
0,0.065042,0.452006,0.360789
0,0.142306,0.434093,0.362909
0,0.0833712,0.427105,0.278284
0,0.111959,0.475749,0.30942
0,0.121007,0.448343,0.284538
0,0.157202,0.499784,0.305886
0,0.112587,0.425064,0.364957
0,0.103035,0.487992,0.377115
0,0.120534,0.457537,0.270497
0,0.0754105,0.426841,0.327595
0,0.090504,0.449672,0.362866
0,0.131218,0.438141,0.327636
0,0.0876014,0.400035,0.302303
0,0.141833,0.449307,0.341691
0,0.0624348,0.426103,0.296857
0,0.0791344,0.437951,0.307588
0,0.052873,0.474084,0.339286
0,0.124487,0.383291,0.33086
0,0.123546,0.467387,0.346115
0,0.0700539,0.390454,0.29311
0,0.113895,0.379798,0.344579
0,0.106866,0.471002,0.350606
0,0.0874197,0.475974,0.310986
0,0.115426,0.457529,0.310273
0,0.0960784,0.42162,0.337207
0,0.105316,0.440838,0.286907
0,0.124292,0.445926,0.326394
0,0.102174,0.417064,0.374743
0,0.0911761,0.438208,0.335544
0,0.149051,0.428073,0.298526
0,0.122292,0.409834,0.293714
0,0.111472,0.448921,0.292611
0,0.127647,0.454969,0.310529
0,0.0940632,0.460878,0.31737
0,0.0639275,0.453591,0.303693
0,0.0694054,0.478362,0.306214
0,0.185837,0.417926,0.324949
0,0.107408,0.497182,0.370822
0,0.0580352,0.474395,0.28551
0,0.064262,0.477574,0.317652
0,0.0935437,0.450038,0.366233
0,0.113534,0.43588,0.296387
0,0.0963083,0.423231,0.328881
0,0.0687623,0.409366,0.258154
0,0.0914754,0.415735,0.325617
0,0.0641648,0.38625,0.264281
0,0.0900729,0.458981,0.321714
0,0.141948,0.437452,0.321524
0,0.10123,0.469035,0.318985
0,0.0838307,0.432589,0.327653
0,0.141889,0.518262,0.296362
0,0.111546,0.479182,0.314432
0,0.0907385,0.441459,0.307592
0,0.0777024,0.499349,0.381635
0,0.0924233,0.411495,0.353245
0,0.145688,0.417675,0.340793
0,0.0801049,0.431183,0.344585
0,0.0625695,0.486851,0.270881
0,0.118381,0.41109,0.344577
0,0.116161,0.530216,0.382397
0,0.11064,0.453562,0.29646
0,0.0389765,0.437754,0.298006
0,0.104436,0.53484,0.320247
0,0.161928,0.426836,0.351782
0,0.092329,0.483075,0.336939
0,0.0677734,0.415612,0.3202
0,0.139908,0.497322,0.354941
0,0.0504017,0.501973,0.24368
0,0.0980181,0.462243,0.335722
0,0.0529258,0.468459,0.288495
0,0.015837,0.393257,0.32711
0,0.129148,0.473524,0.312945
0,0.099864,0.400782,0.328843
0,0.107721,0.453561,0.305203
0,0.121669,0.41608,0.289556
0,0.081102,0.4509,0.286599
0,0.077772,0.461195,0.326073
0,0.154038,0.478831,0.301572
0,0.0320001,0.443725,0.258525
0,0.128305,0.453425,0.273821
0,0.120065,0.462596,0.353714
0,0.0980218,0.479917,0.33394
0,0.0900906,0.496079,0.31114
0,0.0751206,0.400354,0.282836
0,0.147243,0.492265,0.358637
0,0.121254,0.420905,0.289195
0,0.0907592,0.466894,0.285023
0,0.104205,0.444629,0.323309
0,0.099619,0.436119,0.291473
0,0.0363889,0.415382,0.30505
0,0.0943113,0.407468,0.309774
0,0.118397,0.400102,0.334583
0,0.0874435,0.522676,0.308125
0,0.136387,0.438451,0.311611
0,0.125751,0.498029,0.347848
0,0.0461193,0.512295,0.340871
0,0.128506,0.46197,0.304337
0,0.182118,0.482802,0.290758
0,0.0983381,0.461561,0.311388
0,0.0838467,0.45888,0.313498
0,0.135818,0.401709,0.285198
0,0.0921,0.418883,0.302411
0,0.0929009,0.48065,0.338426
0,0.108193,0.443396,0.242603
0,0.0949094,0.449483,0.266766
0,0.140546,0.485923,0.342552
0,0.0352859,0.469855,0.363218
0,0.11448,0.521297,0.301139
0,0.0749337,0.48599,0.346531
0,0.0691121,0.467161,0.35192
0,0.0947462,0.489874,0.336204
0,0.0584377,0.4799,0.271309
0,0.0936465,0.441791,0.319891
0,0.067981,0.418453,0.332666
0,0.120286,0.455761,0.342273
0,0.0988866,0.440118,0.306188
0,0.130003,0.412429,0.327559
0,0.075943,0.4308,0.2974
0,0.103311,0.406979,0.305008
0,0.0991803,0.482842,0.327507
0,0.0592937,0.444349,0.356036
0,0.127177,0.501486,0.295101
0,0.117511,0.413987,0.326728
0,0.0832691,0.453861,0.29167
0,0.100024,0.441406,0.32627
0,0.124593,0.431125,0.312661
0,0.123962,0.465083,0.323068
0,0.0789404,0.472118,0.362749
0,0.124149,0.413897,0.271367
0,0.130339,0.476141,0.318502
0,0.108087,0.442116,0.32346
0,0.101322,0.451678,0.353463
0,0.109972,0.487655,0.333027
0,0.116612,0.480207,0.343975
0,0.0961336,0.435849,0.368861
0,0.0625321,0.45157,0.337083
0,0.105848,0.450135,0.316599
0,0.098674,0.495791,0.337924
0,0.063765,0.45358,0.338883
0,0.145264,0.511483,0.316519
0,0.101155,0.416309,0.336639
0,0.105101,0.45555,0.323083
0,0.0817135,0.462892,0.315028
0,0.0963909,0.494762,0.349226
1,0.20473,0.295628,0.593724
1,0.218101,0.406627,0.611714
1,0.17229,0.434938,0.659828
1,0.22591,0.385187,0.577893
1,0.161747,0.35494,0.56446
1,0.243144,0.455429,0.482114
1,0.169398,0.433213,0.580952
1,0.186006,0.354764,0.620085
1,0.205924,0.367042,0.494379
1,0.312074,0.371022,0.5535
1,0.208769,0.449163,0.592342
1,0.280953,0.428744,0.67606
1,0.221098,0.40562,0.634657
1,0.259717,0.405594,0.597822
1,0.131449,0.355483,0.576201
1,0.296251,0.407065,0.63574
1,0.206762,0.414404,0.659642
1,0.218808,0.457871,0.655243
1,0.114121,0.31546,0.550826
1,0.26748,0.391193,0.52231
1,0.265208,0.314269,0.674483
1,0.128886,0.309167,0.569277
1,0.247626,0.431548,0.554542
1,0.206329,0.400248,0.600282
1,0.112504,0.396277,0.61702
1,0.230224,0.406362,0.742729
1,0.224664,0.473339,0.654158
1,0.0591657,0.284984,0.618694
1,0.211639,0.333241,0.584876
1,0.230967,0.452224,0.648001
1,0.194648,0.403164,0.573714
1,0.217698,0.357591,0.645914
1,0.179469,0.449297,0.588913
1,0.221416,0.267945,0.585838
1,0.182733,0.385633,0.599579
1,0.276295,0.4477,0.594015
1,0.134967,0.422075,0.620762
1,0.225104,0.369648,0.590994
1,0.12724,0.311533,0.622325
1,0.208889,0.382135,0.610069
1,0.285144,0.388334,0.523876
1,0.193228,0.354005,0.561069
1,0.193435,0.378495,0.652001
1,0.18373,0.271706,0.557223
1,0.233833,0.310966,0.578957
1,0.267626,0.339754,0.654432
1,0.284344,0.365897,0.646124
1,0.159952,0.295723,0.602752
1,0.225073,0.371268,0.593124
1,0.191203,0.431433,0.636291
1,0.218221,0.376539,0.676009
1,0.158113,0.382821,0.5979
1,0.213159,0.431503,0.576086
1,0.19417,0.377575,0.583332
1,0.27927,0.351169,0.690312
1,0.205613,0.396518,0.658706
1,0.274738,0.433044,0.600012
1,0.171268,0.440256,0.599681
1,0.208716,0.40615,0.649144
1,0.184631,0.360722,0.580023
1,0.298497,0.396417,0.646039
1,0.167228,0.368625,0.566426
1,0.199878,0.341087,0.62904
1,0.193253,0.323521,0.53908
1,0.152218,0.369732,0.53701
1,0.192818,0.327756,0.649363
1,0.184846,0.37071,0.657807
1,0.232447,0.387106,0.569149
1,0.178297,0.411765,0.603943
1,0.192965,0.363709,0.598543
1,0.17285,0.342811,0.56835
1,0.200541,0.448403,0.605056
1,0.178227,0.314288,0.598939
1,0.295264,0.356519,0.613109
1,0.18389,0.276898,0.547896
1,0.32396,0.519659,0.567229
1,0.214704,0.345299,0.549198
1,0.333916,0.421056,0.547872
1,0.241251,0.431382,0.6334
1,0.213966,0.325954,0.560021
1,0.205879,0.339601,0.550699
1,0.244321,0.40275,0.480825
1,0.133775,0.455432,0.54515
1,0.213502,0.423457,0.584449
1,0.190947,0.421478,0.540294
1,0.245119,0.395248,0.606917
1,0.263067,0.426914,0.542118
1,0.189438,0.357111,0.602563
1,0.197843,0.325066,0.648842
1,0.228264,0.408142,0.591145
1,0.232533,0.397451,0.701817
1,0.214522,0.336904,0.683643
1,0.19443,0.423238,0.625882
1,0.177132,0.343007,0.582528
1,0.194817,0.425269,0.570942
1,0.246097,0.440425,0.705768
1,0.371114,0.346653,0.579089
1,0.200286,0.327427,0.573446
1,0.2429,0.416945,0.528588
1,0.285459,0.402392,0.597672
1,0.222402,0.384312,0.607509
1,0.182506,0.391797,0.648563
1,0.241689,0.421137,0.646652
1,0.179142,0.373497,0.582648
1,0.150843,0.389942,0.678592
1,0.267617,0.357458,0.60164
1,0.189893,0.360158,0.613338
1,0.0809121,0.449152,0.57397
1,0.317712,0.327693,0.609988
1,0.234688,0.335848,0.688764
1,0.155758,0.437946,0.614998
1,0.174834,0.423887,0.578187
1,0.193325,0.393924,0.601567
1,0.300353,0.303549,0.551637
1,0.166533,0.264505,0.576904
1,0.255515,0.348628,0.610834
1,0.210682,0.35288,0.532332
1,0.255491,0.431758,0.590573
1,0.214504,0.42617,0.603543
1,0.136926,0.323963,0.597852
1,0.20921,0.351964,0.574857
1,0.233563,0.336955,0.639208
1,0.19373,0.31452,0.651058
1,0.0897501,0.394635,0.558205
1,0.224432,0.356534,0.648594
1,0.287734,0.435288,0.614724
1,0.261236,0.369215,0.62399
1,0.296133,0.349637,0.701939
1,0.220291,0.318665,0.552319
1,0.193903,0.369751,0.542181
1,0.256781,0.407186,0.632658
1,0.193467,0.416124,0.570006
1,0.185646,0.403058,0.578808
1,0.158025,0.409553,0.509147
1,0.26949,0.367887,0.59192
1,0.220977,0.371937,0.480154
1,0.272019,0.398007,0.597049
1,0.178474,0.397563,0.580667
1,0.193642,0.453321,0.610497
1,0.216097,0.418338,0.622166
1,0.202396,0.35022,0.626959
1,0.228361,0.36781,0.587432
1,0.275735,0.417631,0.624978
1,0.223449,0.384976,0.560012
1,0.223498,0.383451,0.599445
1,0.215033,0.455834,0.652466
1,0.224454,0.393981,0.551873
1,0.246601,0.341662,0.662913
1,0.0907545,0.395262,0.557171
1,0.160113,0.442115,0.622436
1,0.208982,0.344506,0.644269
1,0.190522,0.387629,0.63778
1,0.174234,0.279347,0.629012
1,0.182899,0.296515,0.557243
1,0.187501,0.364875,0.564207
1,0.166407,0.356889,0.581216
1,0.190607,0.453872,0.581378
1,0.207596,0.370866,0.591363
1,0.175776,0.447349,0.599819
1,0.242144,0.402625,0.7281
1,0.225159,0.350926,0.704609
1,0.150075,0.425198,0.660693
1,0.206696,0.463969,0.557499
1,0.18905,0.303879,0.617573
1,0.0739607,0.386754,0.568384
1,0.168639,0.391467,0.687319
1,0.247036,0.389031,0.661948
1,0.1607,0.384137,0.565375
1,0.235847,0.369907,0.529475
1,0.24791,0.435729,0.546442
1,0.177693,0.361075,0.550786
1,0.285752,0.393616,0.582739
1,0.160068,0.380937,0.59851
1,0.196171,0.367539,0.560445
1,0.252022,0.428426,0.663708
1,0.208433,0.424951,0.643529
1,0.180718,0.431605,0.64897
1,0.20618,0.357022,0.593261
1,0.189047,0.356792,0.578722
1,0.220913,0.373336,0.661279
1,0.199054,0.471855,0.643603
1,0.20558,0.382095,0.594573
1,0.18211,0.43254,0.551952
1,0.203151,0.366134,0.592536
1,0.24728,0.379332,0.618752
1,0.100349,0.370072,0.590639
1,0.122789,0.345989,0.65079
1,0.175088,0.329191,0.515778
1,0.178068,0.361311,0.66999
1,0.262543,0.329116,0.647547
1,0.220853,0.4604,0.579337
1,0.243848,0.415982,0.611615
1,0.123528,0.415092,0.604415
1,0.196345,0.388224,0.550912
1,0.221254,0.420811,0.545242
1,0.230759,0.396897,0.664689
1,0.253129,0.475964,0.654483
1,0.152109,0.339322,0.575845
1,0.273607,0.378697,0.67215
1,0.257071,0.394404,0.527205
1,0.284135,0.428572,0.565312
1,0.210406,0.373079,0.559155
1,0.179148,0.409397,0.603315
1,0.241416,0.448243,0.488686
1,0.215903,0.305534,0.638853
1,0.206967,0.385698,0.561333
1,0.301934,0.397407,0.628745
1,0.186347,0.414931,0.58281
1,0.198826,0.353986,0.575486
1,0.268012,0.397799,0.617904
1,0.179072,0.348591,0.604714
1,0.243609,0.376545,0.623686
1,0.130086,0.436224,0.543945
1,0.245509,0.367931,0.582721
1,0.19145,0.339368,0.613504
1,0.234066,0.335904,0.637081
1,0.166748,0.356051,0.577738
1,0.176468,0.372823,0.610404
1,0.240393,0.339134,0.639293
1,0.11378,0.398919,0.664729
1,0.267577,0.39892,0.676355
1,0.247879,0.466492,0.600982
1,0.215809,0.374927,0.675039
1,0.232181,0.352418,0.598196
1,0.189443,0.398513,0.559082
1,0.129873,0.276093,0.615495
1,0.194837,0.349258,0.701428
1,0.210574,0.370175,0.47657
1,0.228638,0.38843,0.611732
1,0.268049,0.425664,0.611401
1,0.252849,0.459069,0.609417
1,0.244471,0.412116,0.640791
1,0.222365,0.419378,0.548624
1,0.171286,0.452828,0.555941
1,0.258871,0.441334,0.60441
1,0.301881,0.411647,0.643266
1,0.311113,0.476808,0.672967
1,0.135074,0.451503,0.58101
1,0.17894,0.323408,0.621501
1,0.21214,0.390126,0.69696
1,0.195855,0.368622,0.661012
1,0.114487,0.338307,0.561437
1,0.220573,0.344989,0.70392
1,0.187576,0.37405,0.601265
1,0.202656,0.374739,0.602606
1,0.142282,0.341519,0.55608
1,0.167671,0.34465,0.607702
1,0.146518,0.328653,0.567936
1,0.233671,0.390457,0.616645
1,0.225125,0.409848,0.596007
1,0.254694,0.423971,0.579548
1,0.205617,0.29144,0.607277
1,0.179625,0.397749,0.645694
1,0.268728,0.424048,0.585183
1,0.264851,0.382224,0.613982
1,0.27153,0.372762,0.636881
1,0.225201,0.402024,0.690864
1,0.224247,0.375536,0.554871
1,0.22305,0.393964,0.696866
1,0.211023,0.407593,0.523324
1,0.199778,0.291756,0.581679
1,0.239216,0.396979,0.619167
1,0.163895,0.302387,0.521814
1,0.157856,0.342954,0.599209
1,0.281501,0.376489,0.713053
1,0.199494,0.373306,0.691456
1,0.223,0.403472,0.595549
1,0.183488,0.339397,0.640073
1,0.163771,0.407504,0.579432
1,0.300796,0.443782,0.689575
1,0.248721,0.372663,0.589579
1,0.184471,0.390323,0.558868
1,0.210543,0.393456,0.526128
1,0.20237,0.292769,0.530817
1,0.140395,0.316753,0.649869
1,0.224996,0.343835,0.532258
1,0.141378,0.404774,0.688319
1,0.193739,0.417072,0.639706
1,0.232575,0.426968,0.615043
1,0.188681,0.382005,0.644089
1,0.291949,0.392213,0.63027
1,0.183588,0.310989,0.597953
1,0.190241,0.376221,0.549803
1,0.209291,0.395972,0.606017
1,0.227177,0.433833,0.62791
1,0.224612,0.408345,0.59076
1,0.256666,0.418767,0.641033
1,0.237119,0.42883,0.661286
1,0.146637,0.432662,0.628103
1,0.226722,0.44854,0.658277
1,0.253505,0.364916,0.630569
1,0.244263,0.368863,0.647544
1,0.310227,0.462522,0.478725
1,0.186256,0.407052,0.661102
1,0.255279,0.408921,0.622845
1,0.304873,0.45209,0.565059
1,0.155514,0.326056,0.66012
1,0.173671,0.402343,0.572027
1,0.198153,0.345067,0.580381
1,0.238435,0.50845,0.568596
1,0.240661,0.335263,0.629516
1,0.16656,0.333252,0.569571
1,0.238073,0.386642,0.623471
1,0.264801,0.342842,0.640076
1,0.206338,0.401891,0.542338
1,0.258418,0.289886,0.615342
1,0.14638,0.311634,0.582519
1,0.179699,0.360422,0.682435
1,0.170927,0.378964,0.597687
1,0.139834,0.455609,0.586753
1,0.215228,0.441758,0.574937
1,0.227495,0.436715,0.57572
1,0.164276,0.384079,0.622151
1,0.141051,0.468775,0.572204
1,0.262237,0.342634,0.649511
1,0.18325,0.301439,0.530412
1,0.264095,0.398876,0.668029
1,0.243162,0.468631,0.642836
1,0.224511,0.337585,0.593143
1,0.174257,0.391559,0.683404
1,0.213877,0.380459,0.63633
1,0.234159,0.39048,0.643891
1,0.202152,0.369458,0.609068
1,0.249792,0.364959,0.628229
1,0.27429,0.407735,0.641249
1,0.206266,0.339862,0.567652
1,0.225713,0.320625,0.549314
1,0.295341,0.403003,0.597352
1,0.143509,0.344555,0.618567
1,0.125991,0.486418,0.672832
1,0.18265,0.446389,0.592555
1,0.256466,0.336998,0.601243
1,0.192572,0.364892,0.552838
1,0.173391,0.460329,0.587379
1,0.251956,0.379553,0.618749
1,0.212055,0.335931,0.655832
1,0.16445,0.395612,0.553221
1,0.230813,0.362897,0.576851
1,0.221937,0.352933,0.638235
1,0.24844,0.407346,0.603947
1,0.200593,0.287082,0.577632
1,0.223704,0.400435,0.514746
1,0.170432,0.435924,0.634732
1,0.189649,0.370555,0.597582
1,0.271951,0.401139,0.638452
1,0.181053,0.427712,0.596927
1,0.247124,0.437684,0.54786
1,0.206584,0.359464,0.544544
1,0.187351,0.430234,0.516945
1,0.225003,0.380034,0.562733
1,0.204629,0.308381,0.528821
1,0.201611,0.369762,0.512768
1,0.202286,0.34662,0.632829
1,0.156037,0.385879,0.583105
1,0.229399,0.465769,0.600776
1,0.205809,0.422648,0.621765
1,0.205375,0.425308,0.597478
1,0.212535,0.425763,0.616442
1,0.277974,0.371595,0.570178
1,0.214065,0.330355,0.645141
1,0.197684,0.399062,0.56012
1,0.218402,0.42802,0.665087
1,0.200965,0.471823,0.650648
1,0.14985,0.315897,0.669843
1,0.28718,0.423272,0.570235
1,0.194937,0.364035,0.727148
1,0.222535,0.339017,0.62288
1,0.283897,0.434188,0.681802
1,0.198209,0.334265,0.610974
1,0.23016,0.312137,0.625367
1,0.211397,0.278059,0.597852
1,0.164499,0.354502,0.628102
1,0.203331,0.395441,0.585237
1,0.223851,0.344107,0.548983
1,0.280256,0.343576,0.593844
1,0.287479,0.340319,0.600421
1,0.195051,0.413788,0.545304
1,0.132859,0.418892,0.569416
1,0.256281,0.401188,0.582325
1,0.168286,0.396464,0.56743
1,0.19686,0.427982,0.497412
1,0.293433,0.417734,0.63906
1,0.189415,0.38386,0.644588
1,0.258206,0.442972,0.609792
1,0.184708,0.299008,0.638732
1,0.269995,0.415714,0.606271
1,0.278647,0.439371,0.684818
1,0.269082,0.404015,0.610856
1,0.229352,0.430627,0.662784
1,0.181495,0.439539,0.659948
1,0.209677,0.316102,0.555963
1,0.17879,0.453745,0.608108
1,0.217517,0.33628,0.617165
1,0.228889,0.456032,0.689608
1,0.252328,0.422206,0.635719
1,0.265834,0.3919,0.530139
1,0.20837,0.273441,0.63501
1,0.150878,0.39655,0.623148
1,0.171427,0.340144,0.585371
1,0.293182,0.318023,0.694598
1,0.333391,0.355046,0.600816
1,0.189286,0.399543,0.557216
1,0.144116,0.375057,0.605729
1,0.193468,0.349542,0.587797
1,0.290241,0.419786,0.540384
1,0.268789,0.427724,0.576918
1,0.271741,0.39278,0.57163
1,0.163804,0.450023,0.587033
1,0.177488,0.414327,0.594751
1,0.278719,0.413819,0.646941
1,0.260305,0.358932,0.666806
1,0.221546,0.394796,0.5941
1,0.269068,0.446192,0.629479
1,0.186749,0.407431,0.545695
1,0.212493,0.425005,0.604332
1,0.199359,0.263997,0.665094
1,0.196986,0.32995,0.603608
1,0.115237,0.31457,0.722983
1,0.284041,0.52647,0.625001
1,0.110337,0.48681,0.627387
1,0.229957,0.367989,0.589899
1,0.165931,0.394545,0.64943
1,0.235337,0.301016,0.575117
1,0.189288,0.399402,0.615053
1,0.144711,0.339577,0.60177
1,0.312994,0.32764,0.603189
1,0.26222,0.440388,0.614805
1,0.227649,0.362259,0.6079
1,0.163297,0.342918,0.596094
1,0.212589,0.453301,0.53133
1,0.227706,0.373919,0.565301
1,0.226596,0.35702,0.52535
1,0.153419,0.381422,0.565371
1,0.105344,0.374086,0.607583
1,0.192541,0.396051,0.65251
1,0.159361,0.47763,0.550567
1,0.207962,0.325659,0.544608
1,0.277174,0.403738,0.703885
1,0.183046,0.251855,0.625877
1,0.153333,0.368331,0.567717
1,0.168331,0.380286,0.674568
1,0.217504,0.291174,0.681298
1,0.098668,0.332328,0.660945
1,0.144748,0.391032,0.699418
1,0.0875129,0.394745,0.568149
1,0.1643,0.442068,0.5749
1,0.241232,0.404631,0.643117
1,0.196831,0.390588,0.592213
1,0.269313,0.371158,0.57937
1,0.235096,0.39989,0.554199
1,0.178432,0.372458,0.519854
1,0.235268,0.372624,0.67109
1,0.220212,0.307298,0.650788
1,0.184683,0.322716,0.656234
1,0.247519,0.387472,0.564262
1,0.274228,0.380416,0.696839
1,0.137183,0.415165,0.66738
1,0.25687,0.335395,0.659673
1,0.268365,0.381391,0.67332
1,0.155108,0.456255,0.622333
1,0.21827,0.374006,0.69859
1,0.238587,0.319547,0.566715
1,0.220557,0.395257,0.650409
1,0.237245,0.350183,0.664747
1,0.227625,0.364607,0.666522
1,0.269006,0.384385,0.707324
1,0.165403,0.389849,0.547206
1,0.286655,0.309577,0.701891
1,0.220438,0.36973,0.531063
1,0.287252,0.395184,0.601656
1,0.175407,0.369186,0.602376
1,0.255858,0.437395,0.674799
1,0.216485,0.392076,0.560461
1,0.245834,0.389435,0.641826
1,0.188888,0.393585,0.59887
1,0.250808,0.47221,0.587653
1,0.237295,0.351552,0.640602
1,0.294565,0.36398,0.531388
1,0.214715,0.445595,0.642925
1,0.154175,0.392101,0.544487
1,0.232218,0.351378,0.556705
1,0.231706,0.417119,0.560618
1,0.264459,0.332261,0.576299
1,0.129041,0.416266,0.59576
1,0.209155,0.425869,0.52426
1,0.221221,0.423907,0.552442
1,0.206884,0.489891,0.650935
1,0.19479,0.321432,0.562992
1,0.133367,0.394341,0.641604
1,0.214962,0.350151,0.642957
1,0.182588,0.429778,0.657945
1,0.169709,0.334865,0.620919
1,0.251043,0.404308,0.554461
1,0.19847,0.433493,0.546869
1,0.200546,0.366807,0.575262
1,0.131098,0.341624,0.60654
1,0.158682,0.403559,0.640559
1,0.206856,0.435423,0.59493
1,0.222878,0.336066,0.642123
1,0.23413,0.357247,0.673349
1,0.225942,0.313924,0.536002
1,0.203167,0.334378,0.584592
1,0.149636,0.39711,0.555012
1,0.0538991,0.442843,0.638073
1,0.23329,0.349532,0.594202
1,0.234166,0.298752,0.659813
1,0.178715,0.364376,0.606728
1,0.138342,0.297991,0.616904
1,0.200997,0.405749,0.590649
1,0.194543,0.485746,0.58129
1,0.217199,0.397157,0.659111
1,0.209036,0.339962,0.654155
1,0.313079,0.314374,0.722508
1,0.233727,0.425243,0.620932
1,0.241299,0.420612,0.663005
1,0.119511,0.442824,0.621459
1,0.177953,0.321763,0.605669
1,0.264399,0.435665,0.566881
1,0.255747,0.301388,0.524053
1,0.192462,0.402805,0.659076
1,0.156863,0.338172,0.59344
1,0.185916,0.351723,0.574993
1,0.158943,0.377083,0.647681
1,0.18822,0.465799,0.578681
1,0.16588,0.386365,0.561671
1,0.22026,0.414231,0.636853
1,0.222066,0.308705,0.618241
1,0.192947,0.367315,0.634867
1,0.183617,0.367773,0.632799
1,0.247677,0.408061,0.626654
1,0.233881,0.392304,0.618079
1,0.17032,0.373073,0.614174
1,0.219558,0.529625,0.689348
1,0.153478,0.375745,0.625053
1,0.156704,0.352771,0.633507
1,0.344255,0.371039,0.604037
1,0.215968,0.376444,0.493683
1,0.164506,0.393749,0.550173
1,0.232548,0.355949,0.498059
1,0.226576,0.297198,0.600743
1,0.275495,0.399864,0.609148
1,0.235958,0.356489,0.627475
1,0.161092,0.447445,0.598254
1,0.164459,0.382695,0.569589
1,0.14235,0.387528,0.581559
1,0.220529,0.39804,0.623891
1,0.244306,0.41434,0.605436
1,0.258025,0.384399,0.60955
1,0.286517,0.403241,0.564273
1,0.233472,0.308744,0.576228
1,0.161049,0.406704,0.723564
1,0.313362,0.368404,0.519291
1,0.182225,0.391256,0.625937
1,0.272728,0.368299,0.716398
1,0.221947,0.309031,0.608828
1,0.207614,0.354415,0.565646
1,0.261207,0.46584,0.617195
1,0.242278,0.284468,0.560742
1,0.212073,0.381767,0.539156
1,0.122913,0.445745,0.670877
1,0.297516,0.413292,0.690965
1,0.14323,0.462171,0.564858
1,0.209307,0.367393,0.635626
1,0.183545,0.408454,0.594303
1,0.261869,0.344887,0.680097
1,0.137242,0.365507,0.598031
1,0.104095,0.439578,0.60991
1,0.236218,0.430425,0.575792
1,0.248935,0.366147,0.560002
1,0.181673,0.345504,0.530157
1,0.225462,0.407185,0.545548
1,0.235883,0.33236,0.546623
1,0.189263,0.403207,0.692041
1,0.237859,0.333355,0.672228
1,0.226227,0.497116,0.637165
1,0.240414,0.345964,0.64359
1,0.215388,0.321652,0.581964
1,0.228675,0.406123,0.599214
1,0.190889,0.358105,0.57598
1,0.196975,0.425724,0.545322
1,0.261021,0.356822,0.632067
1,0.144234,0.458324,0.595413
1,0.247992,0.293645,0.563585
1,0.221778,0.488937,0.613875
1,0.244,0.364016,0.564445
1,0.129343,0.363245,0.6393
1,0.183719,0.433232,0.631036
1,0.25694,0.418988,0.623764
1,0.193513,0.331893,0.610375
1,0.218331,0.434413,0.562446
1,0.247597,0.336641,0.595446
1,0.185586,0.349567,0.58482
1,0.152489,0.416918,0.527678
1,0.128296,0.390301,0.601105
1,0.18645,0.366531,0.477394
1,0.176928,0.408026,0.539469
1,0.243497,0.312765,0.57203
1,0.183902,0.341653,0.569861
1,0.181075,0.412075,0.603877
1,0.153572,0.434071,0.585394
1,0.225392,0.430075,0.592005
1,0.267296,0.371941,0.586782
1,0.18217,0.389931,0.557455
1,0.146266,0.393542,0.646141
1,0.172215,0.371738,0.672743
1,0.222133,0.351251,0.522866
1,0.241979,0.373027,0.61709
1,0.223974,0.397919,0.627038
1,0.250261,0.418707,0.655533
1,0.192763,0.366396,0.611162
1,0.145765,0.410767,0.576297
1,0.201639,0.418715,0.560658
1,0.323772,0.377513,0.690298
1,0.235604,0.378096,0.652145
1,0.222419,0.392206,0.60755
1,0.241126,0.393467,0.574896
1,0.248725,0.368882,0.617448
1,0.133872,0.450666,0.58251
1,0.184055,0.388371,0.552434
1,0.17616,0.30912,0.519711
1,0.199763,0.349296,0.624639
1,0.27871,0.424674,0.648824
1,0.256304,0.371882,0.58735
1,0.189172,0.285214,0.70571
1,0.175319,0.369773,0.700828
1,0.186616,0.450635,0.620217
1,0.197557,0.388638,0.5685
1,0.261598,0.451681,0.617541
1,0.2552,0.40268,0.641376
1,0.22299,0.344391,0.71774
1,0.247473,0.426873,0.550033
1,0.16588,0.309375,0.593714
1,0.230551,0.37318,0.656442
1,0.136792,0.351144,0.619665
1,0.163543,0.416271,0.598134
1,0.224244,0.353741,0.576146
1,0.164261,0.422075,0.582267
1,0.114155,0.464687,0.664859
1,0.203619,0.377074,0.598459
1,0.146988,0.425048,0.62226
1,0.237866,0.403877,0.595345
1,0.155547,0.37105,0.667688
1,0.242576,0.326706,0.536476
1,0.173341,0.392527,0.586743
1,0.178052,0.354621,0.6054
1,0.218459,0.502734,0.630467
1,0.30565,0.347006,0.628164
1,0.168718,0.43782,0.545901
1,0.201272,0.385801,0.681938
1,0.173799,0.411511,0.565489
1,0.256221,0.402979,0.622909
1,0.242579,0.408603,0.592139
1,0.157987,0.469063,0.583312
1,0.263225,0.441836,0.621049
1,0.207406,0.419522,0.509874
1,0.169662,0.319277,0.660471
1,0.170279,0.369397,0.619945
1,0.170008,0.34345,0.592898
1,0.335308,0.362359,0.627594
1,0.212729,0.364372,0.598215
1,0.23438,0.398326,0.653918
1,0.313821,0.331185,0.595688
1,0.326263,0.402784,0.5282
1,0.165486,0.390574,0.61451
1,0.21851,0.405006,0.582093
1,0.164237,0.388843,0.558817
1,0.329144,0.443339,0.61644
1,0.278126,0.353971,0.601746
1,0.180706,0.343694,0.603207
1,0.219086,0.376529,0.639715
1,0.221662,0.406662,0.626705
1,0.190304,0.419468,0.689361
1,0.164893,0.436039,0.57351
1,0.217987,0.410319,0.571529
1,0.242896,0.33219,0.649591
1,0.159632,0.352903,0.654148
1,0.190001,0.384272,0.580504
1,0.238893,0.351842,0.612032
1,0.198882,0.407143,0.625889
1,0.23247,0.385702,0.671207
1,0.215496,0.346981,0.607197
1,0.125918,0.380258,0.614935
1,0.251021,0.371442,0.532501
1,0.27469,0.430339,0.655811
1,0.282973,0.431698,0.656504
1,0.132969,0.409454,0.633513
1,0.240336,0.374641,0.504346
1,0.184938,0.45911,0.623625
1,0.201849,0.402447,0.536535
1,0.189082,0.370298,0.631472
1,0.208775,0.380488,0.555807
1,0.282772,0.340816,0.641009
1,0.209252,0.414556,0.620094
1,0.173615,0.345844,0.590415
1,0.195097,0.408076,0.611327
1,0.268844,0.356237,0.605523
1,0.285208,0.342323,0.673112
1,0.234314,0.360121,0.691897
1,0.20129,0.375299,0.658522
1,0.208053,0.400068,0.642477
1,0.156364,0.385805,0.578479
1,0.241558,0.406399,0.527399
1,0.193712,0.302104,0.630233
1,0.159983,0.357203,0.627215
1,0.204686,0.292306,0.524974
1,0.253214,0.277901,0.699491
1,0.244512,0.452212,0.598749
1,0.221448,0.448746,0.507388
1,0.23251,0.313808,0.609423
1,0.193364,0.412082,0.495937
1,0.257415,0.318184,0.50102
1,0.196913,0.408231,0.536354
1,0.23612,0.332814,0.668732
1,0.0874148,0.371945,0.610886
1,0.175124,0.365147,0.496161
1,0.198007,0.402895,0.512008
1,0.151834,0.364836,0.610758
1,0.168395,0.434127,0.639946
1,0.21797,0.352734,0.627221
1,0.189751,0.392718,0.598768
1,0.138362,0.352436,0.579869
1,0.222495,0.408649,0.600237
1,0.142353,0.320117,0.550898
1,0.321882,0.276053,0.568256
1,0.191506,0.285308,0.597682
1,0.215485,0.362621,0.560533
1,0.260706,0.359421,0.581867
1,0.284643,0.276296,0.635249
1,0.107466,0.491032,0.61186
1,0.167095,0.363997,0.558946
1,0.307613,0.3657,0.610388
1,0.258491,0.369703,0.661117
1,0.200078,0.491786,0.595321
1,0.226299,0.329436,0.618425
1,0.356463,0.412144,0.626382
1,0.237395,0.35562,0.637569
1,0.281481,0.394785,0.533781
1,0.269305,0.391601,0.591343
1,0.235687,0.418741,0.592643
1,0.247151,0.373572,0.676254
1,0.221517,0.34881,0.53209
1,0.229942,0.499099,0.611237
1,0.172819,0.414429,0.551691
1,0.223165,0.418094,0.533494
1,0.206577,0.304565,0.605773
1,0.220245,0.328451,0.641389
1,0.229398,0.318247,0.535341
1,0.189384,0.382496,0.640413
1,0.234981,0.284818,0.589162
1,0.160035,0.416046,0.588934
1,0.15747,0.372829,0.585137
1,0.253861,0.399883,0.456976
1,0.180428,0.423776,0.597361
1,0.169497,0.424658,0.665468
1,0.20592,0.413467,0.630414
1,0.219364,0.331553,0.548585
1,0.237268,0.399523,0.580916
1,0.131175,0.450287,0.675414
1,0.254248,0.396858,0.667547
1,0.0703783,0.353597,0.648771
1,0.185134,0.411413,0.589301
1,0.241371,0.409018,0.620172
1,0.221879,0.351864,0.585987
1,0.185006,0.340672,0.602136
1,0.199567,0.373019,0.593651
1,0.297186,0.35369,0.575512
1,0.236884,0.431559,0.666234
1,0.247917,0.370725,0.536753
1,0.252699,0.40564,0.63263
1,0.19257,0.374884,0.572348
1,0.224917,0.379466,0.57335
1,0.132968,0.33134,0.574913
1,0.182531,0.445922,0.589492
1,0.286852,0.381692,0.688464
1,0.220378,0.347273,0.625576
1,0.25879,0.40934,0.60602
1,0.163546,0.425477,0.594688
1,0.21547,0.311215,0.594515
1,0.237329,0.404271,0.56836
1,0.176909,0.40086,0.607714
1,0.245727,0.310106,0.594276
1,0.195861,0.377667,0.597319
1,0.218888,0.386397,0.671989
1,0.23848,0.346465,0.564448
1,0.178138,0.354836,0.62774
1,0.229203,0.311963,0.60203
1,0.254233,0.357985,0.66788
1,0.0782647,0.401632,0.630618
1,0.195171,0.333036,0.624267
1,0.205292,0.407429,0.61266
1,0.15677,0.335623,0.609617
1,0.232455,0.415794,0.644252
1,0.189176,0.33294,0.556516
1,0.270183,0.364604,0.531349
1,0.242523,0.32646,0.600801
1,0.199914,0.416258,0.593252
1,0.23516,0.373639,0.636263
1,0.180953,0.371789,0.583974
1,0.186216,0.426745,0.667329
1,0.226256,0.416031,0.588745
1,0.212955,0.35091,0.644393
1,0.168403,0.456359,0.567787
1,0.300303,0.361606,0.647877
1,0.212245,0.301372,0.601399
1,0.259245,0.38877,0.691227
1,0.0710474,0.394142,0.668446
1,0.331995,0.404267,0.600886
1,0.257123,0.3513,0.600458
1,0.219144,0.432921,0.538488
1,0.222427,0.360324,0.511042
1,0.230021,0.389203,0.605114
1,0.210582,0.348309,0.646931
1,0.19933,0.326896,0.61699
1,0.245851,0.381996,0.592623
1,0.110268,0.416044,0.701866
1,0.20263,0.35655,0.575772
1,0.27558,0.406771,0.594205
1,0.221091,0.349603,0.579477
1,0.18641,0.329417,0.619305
1,0.0953297,0.351704,0.537361
1,0.321396,0.353296,0.598964
1,0.310483,0.319682,0.533446
1,0.221682,0.431896,0.605896
1,0.212033,0.417955,0.598028
1,0.155723,0.387259,0.619569
1,0.191564,0.415306,0.630498
1,0.199957,0.431276,0.6486
1,0.246347,0.367435,0.528161
1,0.0999946,0.475737,0.648716
1,0.260777,0.343861,0.613224
1,0.295568,0.3763,0.566884
1,0.257847,0.424556,0.559498
1,0.109324,0.350032,0.650033
1,0.207974,0.395282,0.704569
1,0.255187,0.43137,0.620777
1,0.170658,0.433213,0.572625
1,0.239279,0.440523,0.535639
1,0.239277,0.405212,0.675704
1,0.242647,0.34982,0.565443
1,0.272344,0.438373,0.683948
1,0.252744,0.272223,0.611626
1,0.161428,0.416403,0.654751
1,0.209015,0.499314,0.572924
1,0.280552,0.370118,0.523294
1,0.268022,0.394985,0.646955
1,0.0886315,0.384838,0.620852
1,0.136872,0.396134,0.658086
1,0.225267,0.446392,0.627456
1,0.207672,0.3798,0.582062
1,0.168278,0.429813,0.578338
1,0.264141,0.383927,0.569687
1,0.335213,0.345492,0.626498
1,0.16007,0.335141,0.691573
1,0.226479,0.358491,0.646861
1,0.24966,0.493274,0.592382
1,0.214326,0.290799,0.648457
1,0.154739,0.389573,0.662339
1,0.270894,0.362643,0.665527
1,0.182294,0.352138,0.538306
1,0.225272,0.425267,0.585113
1,0.238875,0.384066,0.547706
1,0.293288,0.4614,0.579801
1,0.226216,0.349069,0.668605
1,0.211856,0.443672,0.686883
1,0.238163,0.397888,0.526598
1,0.170326,0.35174,0.612438
1,0.193017,0.386064,0.665463
1,0.254225,0.368729,0.6125
1,0.188654,0.311442,0.574414
1,0.270184,0.385515,0.633628
1,0.150819,0.350632,0.566227
1,0.175925,0.368442,0.58236
1,0.136444,0.422763,0.630013
1,0.244106,0.286269,0.617346
1,0.242692,0.412697,0.640279
1,0.162273,0.297038,0.560594
1,0.228182,0.281018,0.63797
1,0.217615,0.418131,0.647032
1,0.18838,0.425605,0.587469
1,0.230484,0.397876,0.586396
1,0.201398,0.343892,0.626888
1,0.215286,0.372783,0.551268
1,0.243813,0.380432,0.610631
1,0.210562,0.337042,0.683318
1,0.194028,0.368829,0.624387
1,0.281035,0.353592,0.568736
1,0.240806,0.326174,0.561501
1,0.22454,0.384934,0.559843
1,0.248857,0.394026,0.586781
1,0.198368,0.402911,0.597065
1,0.153063,0.391956,0.576504
1,0.161298,0.429195,0.580293
1,0.336337,0.338338,0.60846
1,0.218431,0.457489,0.677423
1,0.144205,0.423231,0.549168
1,0.153566,0.42801,0.59749
1,0.197587,0.386614,0.670525
1,0.22764,0.365329,0.565521
1,0.201743,0.346314,0.614371
1,0.160332,0.32547,0.508043
1,0.194478,0.335044,0.609464
1,0.15342,0.290718,0.517253
1,0.192369,0.400059,0.603596
1,0.270356,0.367692,0.603311
1,0.209142,0.415174,0.599494
1,0.182985,0.360383,0.612524
1,0.270268,0.489179,0.565483
1,0.224651,0.430428,0.592648
1,0.19337,0.373717,0.582366
1,0.173772,0.460747,0.69368
1,0.195903,0.32867,0.650998
1,0.27598,0.337961,0.632278
1,0.177384,0.358269,0.63798
1,0.151022,0.441958,0.527176
1,0.234927,0.328062,0.637968
1,0.231588,0.507151,0.694825
1,0.223289,0.391912,0.56563
1,0.115553,0.368147,0.567955
1,0.213962,0.514102,0.60139
1,0.300393,0.351734,0.648799
1,0.195761,0.436281,0.626485
1,0.158845,0.33486,0.60132
1,0.267289,0.457698,0.653548
1,0.132729,0.464691,0.486283
1,0.204314,0.404962,0.624656
1,0.136524,0.414308,0.553656
1,0.0807655,0.301251,0.611708
1,0.251114,0.421922,0.590413
1,0.207089,0.312565,0.614314
1,0.218901,0.39191,0.578774
1,0.23987,0.335563,0.555251
1,0.178883,0.387909,0.550805
1,0.173876,0.403387,0.610149
1,0.288532,0.429901,0.573315
1,0.105065,0.377123,0.5086
1,0.249847,0.391706,0.531596
1,0.237458,0.405493,0.651704
1,0.204319,0.431533,0.621976
1,0.192396,0.45583,0.587699
1,0.16989,0.311921,0.545149
1,0.278317,0.450097,0.659104
1,0.239246,0.342817,0.554708
1,0.193401,0.411955,0.548437
1,0.213615,0.378482,0.605993
1,0.20672,0.365689,0.558133
1,0.111663,0.334513,0.578545
1,0.198741,0.322616,0.585645
1,0.234951,0.311542,0.622942
1,0.188416,0.495815,0.583168
1,0.261996,0.369195,0.588408
1,0.246007,0.458762,0.642885
1,0.126291,0.480209,0.632396
1,0.250149,0.404552,0.577472
1,0.330746,0.43587,0.557057
1,0.204795,0.403937,0.588073
1,0.183009,0.399907,0.591245
1,0.26114,0.313958,0.548699
1,0.195417,0.339777,0.574577
1,0.196621,0.432635,0.628721
1,0.21961,0.376629,0.484663
1,0.19964,0.38578,0.520989
1,0.268249,0.440562,0.634923
1,0.110004,0.416406,0.665991
1,0.229063,0.493742,0.572665
1,0.169609,0.440663,0.640905
1,0.160858,0.412357,0.649006
1,0.199395,0.446503,0.625379
1,0.14481,0.431508,0.527818
1,0.197742,0.374216,0.600856
1,0.159157,0.339131,0.620061
1,0.237791,0.395218,0.634504
1,0.205619,0.371701,0.580255
1,0.252399,0.330074,0.612384
1,0.171127,0.357693,0.567044
1,0.212271,0.321881,0.578481
1,0.206061,0.43593,0.612305
1,0.146097,0.378061,0.655195
1,0.24815,0.463959,0.563588
1,0.233619,0.332416,0.611134
1,0.182141,0.392362,0.558429
1,0.20733,0.373637,0.610445
1,0.244266,0.358182,0.589986
1,0.243316,0.409232,0.605632
1,0.175633,0.419808,0.665287
1,0.243598,0.332281,0.527906
1,0.252903,0.425856,0.598768
1,0.219451,0.374704,0.60622
1,0.20928,0.38908,0.651326
1,0.222284,0.443166,0.620604
1,0.232267,0.431969,0.637062
1,0.201481,0.365283,0.674476
1,0.150965,0.388917,0.626701
1,0.216085,0.38676,0.595907
1,0.2053,0.455397,0.627966
1,0.152819,0.39194,0.629407
1,0.275342,0.478988,0.595786
1,0.20903,0.335907,0.626034
1,0.214962,0.394901,0.605654
1,0.179802,0.405939,0.593544
1,0.201867,0.453851,0.644956
2,0.825044,0.192776,0.140924
2,0.84037,0.320012,0.161546
2,0.787857,0.352465,0.216698
2,0.849322,0.295436,0.122778
2,0.775773,0.260764,0.107379
2,0.869077,0.375953,0.012988
2,0.784542,0.350488,0.126284
2,0.80358,0.260563,0.171142
2,0.826412,0.274637,0.027047
2,0.94809,0.279199,0.0948157
2,0.829673,0.368771,0.139341
2,0.912416,0.345365,0.235306
2,0.843806,0.318858,0.187846
2,0.888074,0.318828,0.145622
2,0.741043,0.261387,0.120838
2,0.929952,0.320515,0.189087
2,0.827373,0.328927,0.216486
2,0.841181,0.378753,0.211443
2,0.721179,0.215509,0.091751
2,0.896973,0.302321,0.0590638
2,0.894368,0.214143,0.233498
2,0.738104,0.208295,0.112902
2,0.874214,0.348579,0.0960106
2,0.826876,0.3127,0.148442
2,0.719326,0.308149,0.167628
2,0.854267,0.319709,0.311727
2,0.847894,0.396483,0.210199
2,0.658185,0.180575,0.169548
2,0.832963,0.235891,0.130782
2,0.855118,0.37228,0.203142
2,0.813487,0.316042,0.117987
2,0.839909,0.263803,0.200749
2,0.796087,0.368925,0.13541
2,0.84417,0.161043,0.131885
2,0.799828,0.295947,0.147636
2,0.907077,0.367094,0.141258
2,0.745075,0.33772,0.171917
2,0.848398,0.277624,0.137795
2,0.736217,0.211008,0.173709
2,0.82981,0.291938,0.159661
2,0.917221,0.299043,0.0608584
2,0.811859,0.259692,0.103493
2,0.812096,0.287765,0.207727
2,0.800971,0.165355,0.0990837
2,0.858404,0.210358,0.123997
2,0.89714,0.243357,0.210513
2,0.916303,0.273324,0.20099
2,0.773715,0.192885,0.151273
2,0.848362,0.279481,0.140237
2,0.809537,0.348447,0.189718
2,0.840507,0.285523,0.235247
2,0.771607,0.292724,0.145712
2,0.834705,0.348527,0.120706
2,0.812938,0.28671,0.129012
2,0.910487,0.256442,0.251642
2,0.826055,0.308425,0.215412
2,0.905292,0.350294,0.148132
2,0.786686,0.358561,0.147753
2,0.829612,0.319465,0.204451
2,0.802004,0.267392,0.12522
2,0.932527,0.308309,0.200892
2,0.782055,0.276451,0.109633
2,0.819481,0.244885,0.181407
2,0.811888,0.224749,0.0782869
2,0.76485,0.27772,0.0759138
2,0.811389,0.229604,0.204703
2,0.80225,0.278841,0.214382
2,0.856815,0.297636,0.112755
2,0.794743,0.325902,0.152638
2,0.811557,0.270816,0.146448
2,0.788499,0.246862,0.111838
2,0.820242,0.367899,0.153914
2,0.794663,0.214166,0.146902
2,0.928821,0.262575,0.163145
2,0.801154,0.171305,0.0883922
2,0.961714,0.44958,0.110553
2,0.836476,0.249713,0.0898854
2,0.973128,0.336552,0.0883652
2,0.866907,0.348388,0.186404
2,0.83563,0.227538,0.102291
2,0.82636,0.243181,0.0916056
2,0.870425,0.315568,0.0115095
2,0.743708,0.375956,0.0852454
2,0.835098,0.339304,0.130292
2,0.809244,0.337036,0.0796785
2,0.87134,0.306969,0.156047
2,0.891914,0.343268,0.0817691
2,0.807514,0.263253,0.151056
2,0.817149,0.22652,0.204105
2,0.85202,0.321749,0.137968
2,0.856913,0.309494,0.26483
2,0.836268,0.240089,0.243997
2,0.813236,0.339053,0.177787
2,0.793408,0.247085,0.128091
2,0.81368,0.341381,0.11481
2,0.872461,0.358754,0.269359
2,1,0.251266,0.124148
2,0.819949,0.229227,0.117681
2,0.868797,0.33184,0.0662603
2,0.917581,0.315158,0.14545
2,0.845301,0.294433,0.156726
2,0.799569,0.303013,0.203786
2,0.867408,0.336645,0.201595
2,0.795712,0.282036,0.128228
2,0.763273,0.300887,0.238207
2,0.89713,0.26365,0.149999
2,0.808036,0.266746,0.163408
2,0.683112,0.368758,0.118281
2,0.954553,0.229531,0.159567
2,0.859383,0.23888,0.249867
2,0.768907,0.355913,0.165311
2,0.790774,0.339798,0.123114
2,0.81197,0.305451,0.149915
2,0.934654,0.201855,0.0926812
2,0.781258,0.1571,0.121644
2,0.883258,0.253528,0.160538
2,0.831866,0.258403,0.0705516
2,0.88323,0.348819,0.137312
2,0.836247,0.342415,0.15218
2,0.74732,0.225256,0.145657
2,0.830179,0.257353,0.119298
2,0.858094,0.240149,0.193062
2,0.812434,0.214431,0.206646
2,0.693243,0.306266,0.10021
2,0.847628,0.262592,0.203821
2,0.92019,0.352866,0.164997
2,0.889815,0.277128,0.175618
2,0.929817,0.254685,0.26497
2,0.84288,0.219182,0.0934621
2,0.812633,0.277742,0.0818413
2,0.884708,0.320653,0.185554
2,0.812133,0.330898,0.113737
2,0.803167,0.315921,0.123826
2,0.771506,0.323366,0.0439753
2,0.899277,0.275605,0.138857
2,0.843666,0.280247,0.0107411
2,0.902175,0.310131,0.144736
2,0.794946,0.309623,0.125958
2,0.812333,0.373537,0.160151
2,0.838073,0.333436,0.173527
2,0.822368,0.255354,0.179021
2,0.852131,0.275517,0.133712
2,0.906435,0.332626,0.176751
2,0.846501,0.295194,0.10228
2,0.846557,0.293446,0.147483
2,0.836854,0.376417,0.208259
2,0.847652,0.305516,0.0929517
2,0.87304,0.245543,0.220235
2,0.694395,0.306985,0.0990244
2,0.773899,0.360692,0.173837
2,0.829917,0.248804,0.198864
2,0.808757,0.298236,0.191425
2,0.790085,0.174113,0.181374
2,0.800019,0.193793,0.0991063
2,0.805294,0.272153,0.10709
2,0.781114,0.262998,0.126587
2,0.808854,0.374169,0.126773
2,0.828328,0.27902,0.138218
2,0.791853,0.366692,0.147911
2,0.867931,0.315425,0.294958
2,0.848461,0.256163,0.268031
2,0.762393,0.3413,0.21769
2,0.827297,0.385743,0.0994002
2,0.80707,0.202234,0.168262
2,0.675144,0.297232,0.111877
2,0.783672,0.302634,0.248211
2,0.873538,0.299842,0.219129
2,0.774572,0.294233,0.108429
2,0.860712,0.277921,0.0672771
2,0.874539,0.353371,0.0867261
2,0.794051,0.267797,0.0917056
2,0.917918,0.305098,0.128332
2,0.773847,0.290565,0.146411
2,0.815232,0.275207,0.102777
2,0.879253,0.345001,0.221146
2,0.829288,0.341017,0.198015
2,0.797519,0.348644,0.204252
2,0.826706,0.263151,0.140394
2,0.807066,0.262887,0.123728
2,0.843594,0.281852,0.218362
2,0.818537,0.394782,0.1981
2,0.826017,0.291892,0.141897
2,0.799115,0.349716,0.0930423
2,0.823233,0.273596,0.139562
2,0.873818,0.288724,0.169614
2,0.705393,0.27811,0.137388
2,0.731116,0.250504,0.206338
2,0.791065,0.231249,0.0515765
2,0.794481,0.268067,0.228348
2,0.891314,0.231162,0.202621
2,0.843525,0.381651,0.124433
2,0.869883,0.330735,0.161432
2,0.731963,0.329715,0.153179
2,0.815431,0.298918,0.0918492
2,0.843984,0.336271,0.0853504
2,0.854879,0.308859,0.222271
2,0.880522,0.399492,0.210572
2,0.764724,0.242862,0.12043
2,0.903996,0.287997,0.230823
2,0.885041,0.306001,0.0646752
2,0.916064,0.345167,0.108357
2,0.83155,0.281556,0.101299
2,0.795718,0.323188,0.151919
2,0.867096,0.367716,0.0205208
2,0.837851,0.204131,0.192655
2,0.827607,0.296022,0.103795
2,0.936467,0.309444,0.181069
2,0.803971,0.329531,0.128414
2,0.818276,0.259671,0.120019
2,0.897583,0.309893,0.168642
2,0.795632,0.253487,0.153522
2,0.86961,0.28553,0.175269
2,0.73948,0.353939,0.0838637
2,0.871787,0.275656,0.128312
2,0.809821,0.242915,0.163598
2,0.85867,0.238944,0.190624
2,0.781505,0.262038,0.1226
2,0.792647,0.281264,0.160044
2,0.865923,0.242646,0.19316
2,0.720788,0.311176,0.222316
2,0.897084,0.311178,0.235643
2,0.874504,0.388635,0.149244
2,0.837742,0.283675,0.234135
2,0.85651,0.257874,0.146051
2,0.80752,0.310712,0.101214
2,0.739236,0.170383,0.165881
2,0.813703,0.254251,0.264385
2,0.831742,0.278228,0.00663277
2,0.852448,0.299153,0.161567
2,0.897625,0.341834,0.161187
2,0.880201,0.380126,0.158913
2,0.870598,0.326304,0.194877
2,0.845258,0.334628,0.0892268
2,0.786706,0.372972,0.0976145
2,0.887104,0.359796,0.153174
2,0.936406,0.325767,0.197714
2,0.946988,0.400459,0.231759
2,0.745197,0.371453,0.126351
2,0.795481,0.22462,0.172764
2,0.833538,0.301097,0.259262
2,0.81487,0.276448,0.218056
2,0.721599,0.241699,0.103915
2,0.843203,0.249358,0.267241
2,0.80538,0.28267,0.149568
2,0.822665,0.28346,0.151105
2,0.753459,0.245381,0.0977733
2,0.782562,0.248969,0.156947
2,0.758315,0.230632,0.111364
2,0.858217,0.301477,0.167198
2,0.848422,0.323704,0.143541
2,0.882316,0.339893,0.124675
2,0.826059,0.187975,0.15646
2,0.796266,0.309835,0.200497
2,0.898403,0.339982,0.131134
2,0.893959,0.29204,0.164146
2,0.901615,0.281194,0.190395
2,0.848509,0.314736,0.252274
2,0.847415,0.284373,0.0963874
2,0.846043,0.305497,0.259154
2,0.832256,0.32112,0.0602263
2,0.819367,0.188338,0.127117
2,0.864574,0.308953,0.170089
2,0.778234,0.200524,0.058495
2,0.771312,0.247025,0.147212
2,0.913045,0.285466,0.277709
2,0.819041,0.281817,0.252954
2,0.845985,0.316395,0.143017
2,0.800694,0.242948,0.194053
2,0.778092,0.321018,0.124541
2,0.935162,0.362603,0.250797
2,0.875469,0.281081,0.136174
2,0.801821,0.301323,0.100969
2,0.831706,0.304914,0.0634402
2,0.822338,0.189498,0.0688152
2,0.751296,0.216991,0.205283
2,0.848274,0.248035,0.0704672
2,0.752424,0.317889,0.249358
2,0.812444,0.331986,0.193633
2,0.856962,0.343329,0.165362
2,0.806646,0.291789,0.198657
2,0.925021,0.303489,0.182817
2,0.800808,0.210384,0.145772
2,0.808434,0.285158,0.0905786
2,0.830272,0.307799,0.155016
2,0.850773,0.351198,0.180111
2,0.847834,0.321981,0.137527
2,0.884577,0.333928,0.195155
2,0.86217,0.345463,0.218369
2,0.758452,0.349856,0.180332
2,0.850252,0.368056,0.214921
2,0.880953,0.2722,0.18316
2,0.870359,0.276725,0.202618
2,0.945973,0.384084,0.00910271
2,0.803867,0.3205,0.218159
2,0.882986,0.322642,0.174305
2,0.939835,0.372126,0.108066
2,0.768627,0.227656,0.217033
2,0.78944,0.315102,0.116054
2,0.817504,0.249447,0.125629
2,0.863679,0.43673,0.112121
2,0.86623,0.238209,0.181952
2,0.78129,0.235904,0.113238
2,0.863264,0.297104,0.175023
2,0.893902,0.246897,0.194057
2,0.826886,0.314584,0.0820214
2,0.886585,0.186194,0.165705
2,0.758157,0.211123,0.12808
2,0.796351,0.267048,0.242613
2,0.786296,0.288302,0.145467
2,0.750654,0.37616,0.132934
2,0.837077,0.360282,0.11939
2,0.851138,0.354502,0.120287
2,0.778671,0.294166,0.17351
2,0.752049,0.391252,0.116256
2,0.890962,0.246659,0.204872
2,0.800421,0.199437,0.0683513
2,0.893093,0.311127,0.2261
2,0.869098,0.391087,0.197221
2,0.847717,0.24087,0.140258
2,0.790112,0.30274,0.243723
2,0.835528,0.290016,0.189763
2,0.858777,0.301504,0.19843
2,0.822088,0.277407,0.158513
2,0.876697,0.272249,0.180477
2,0.904779,0.321283,0.195401
2,0.826804,0.243481,0.111039
2,0.849095,0.221429,0.0900175
2,0.92891,0.315858,0.145083
2,0.754866,0.24886,0.169401
2,0.734786,0.411475,0.231605
2,0.799733,0.365591,0.139585
2,0.884347,0.240198,0.149543
2,0.811107,0.272172,0.094057
2,0.78912,0.38157,0.133651
2,0.879177,0.288977,0.16961
2,0.83344,0.238975,0.212118
2,0.778871,0.307386,0.0944968
2,0.854942,0.269885,0.121583
2,0.844767,0.258464,0.191947
2,0.875147,0.320836,0.152643
2,0.820301,0.18298,0.122479
2,0.846793,0.312914,0.0503928
2,0.785728,0.353595,0.187931
2,0.807756,0.278664,0.145347
2,0.902098,0.313722,0.192196
2,0.797903,0.344182,0.144596
2,0.873639,0.355612,0.0883514
2,0.827169,0.26595,0.0845506
2,0.805122,0.347073,0.0529137
2,0.848282,0.28953,0.1054
2,0.824927,0.207395,0.0665275
2,0.821468,0.277754,0.0481256
2,0.822241,0.251227,0.18575
2,0.769227,0.296229,0.128752
2,0.85332,0.387806,0.149008
2,0.82628,0.338377,0.173068
2,0.825782,0.341426,0.145228
2,0.833989,0.341948,0.166966
2,0.909001,0.279856,0.113934
2,0.835743,0.232582,0.199863
2,0.816966,0.311341,0.102405
2,0.840716,0.344535,0.222727
2,0.820727,0.394746,0.206175
2,0.762135,0.21601,0.228179
2,0.919554,0.339093,0.113999
2,0.813818,0.27119,0.293867
2,0.845452,0.242512,0.174345
2,0.915791,0.351605,0.241887
2,0.817568,0.237065,0.160698
2,0.854193,0.2117,0.177196
2,0.832686,0.172636,0.145656
2,0.778927,0.260263,0.180331
2,0.823439,0.30719,0.131196
2,0.846961,0.248346,0.0896379
2,0.911617,0.247738,0.141062
2,0.919897,0.244005,0.148602
2,0.813949,0.328221,0.0854214
2,0.742659,0.334072,0.113061
2,0.884135,0.313778,0.127857
2,0.783267,0.308363,0.110784
2,0.816022,0.344491,0.0305231
2,0.926722,0.332744,0.192893
2,0.807488,0.293915,0.19923
2,0.886342,0.361675,0.159342
2,0.802093,0.196651,0.192517
2,0.899855,0.330429,0.155307
2,0.909773,0.357547,0.245344
2,0.898809,0.317018,0.160563
2,0.853267,0.347523,0.220086
2,0.798409,0.357739,0.216836
2,0.830714,0.216245,0.0976392
2,0.795308,0.374023,0.157413
2,0.839701,0.239375,0.167794
2,0.852736,0.376644,0.250835
2,0.879605,0.337871,0.189063
2,0.895085,0.303131,0.0680384
2,0.829216,0.167344,0.18825
2,0.763313,0.308461,0.174652
2,0.786868,0.243804,0.131349
2,0.926435,0.218447,0.256554
2,0.972526,0.260886,0.149054
2,0.80734,0.311892,0.0990761
2,0.755562,0.283824,0.154686
2,0.812134,0.254576,0.134131
2,0.923064,0.335096,0.0797817
2,0.898473,0.344195,0.12166
2,0.901857,0.30414,0.115599
2,0.77813,0.369757,0.133254
2,0.793816,0.328839,0.142102
2,0.909855,0.328256,0.201926
2,0.888748,0.265341,0.224698
2,0.844319,0.30645,0.141355
2,0.898793,0.365365,0.18191
2,0.804432,0.320934,0.0858698
2,0.833941,0.341078,0.153085
2,0.818886,0.156518,0.222735
2,0.816166,0.232119,0.152255
2,0.722459,0.214488,0.289092
2,0.915956,0.457387,0.176777
2,0.716842,0.411925,0.179512
2,0.853961,0.275722,0.13654
2,0.780569,0.306163,0.204779
2,0.860128,0.198953,0.119596
2,0.807343,0.31173,0.165374
2,0.756244,0.243154,0.150148
2,0.949144,0.22947,0.151774
2,0.890943,0.358712,0.16509
2,0.851315,0.269154,0.157174
2,0.777549,0.246984,0.143641
2,0.834052,0.373514,0.0694026
2,0.85138,0.282519,0.108344
2,0.850108,0.263149,0.0625485
2,0.766226,0.291121,0.108423
2,0.711118,0.282711,0.156811
2,0.811071,0.30789,0.20831
2,0.773037,0.401403,0.0914544
2,0.828749,0.2272,0.0846233
2,0.908085,0.316701,0.267201
2,0.800188,0.142599,0.177781
2,0.766127,0.276115,0.111113
2,0.783319,0.289818,0.233595
2,0.839686,0.18767,0.24131
2,0.703466,0.234845,0.217979
2,0.756287,0.302136,0.26208
2,0.690679,0.306392,0.111608
2,0.778699,0.360638,0.119347
2,0.866885,0.317724,0.197543
2,0.815988,0.301627,0.139192
2,0.899073,0.279355,0.124471
2,0.859851,0.31229,0.0956172
2,0.794898,0.280845,0.0562481
2,0.860048,0.281035,0.229609
2,0.84279,0.206153,0.206336
2,0.802064,0.223826,0.212579
2,0.874091,0.298055,0.107153
2,0.904707,0.289967,0.259123
2,0.747615,0.329799,0.225355
2,0.884811,0.23836,0.216521
2,0.897987,0.291084,0.232165
2,0.768162,0.3769,0.173719
2,0.840564,0.28262,0.261131
2,0.863853,0.220194,0.109964
2,0.843185,0.306979,0.205902
2,0.862315,0.255311,0.222337
2,0.851288,0.271846,0.224372
2,0.898722,0.294517,0.271142
2,0.779963,0.300779,0.0876013
2,0.918952,0.208765,0.264914
2,0.843049,0.277718,0.0690966
2,0.919637,0.306896,0.150017
2,0.791431,0.277094,0.150842
2,0.88365,0.355281,0.233859
2,0.838517,0.303332,0.102796
2,0.872161,0.300306,0.196063
2,0.806884,0.305063,0.146823
2,0.877862,0.395189,0.133965
2,0.862372,0.256881,0.19466
2,0.92802,0.271127,0.0694694
2,0.836489,0.36468,0.197323
2,0.767093,0.303361,0.0844849
2,0.856552,0.256682,0.0984905
2,0.855965,0.332039,0.102975
2,0.89351,0.234768,0.120951
2,0.738282,0.331062,0.143259
2,0.830116,0.34207,0.0612988
2,0.843947,0.33982,0.0936039
2,0.827512,0.415457,0.206505
2,0.81365,0.222354,0.105697
2,0.743241,0.305929,0.195809
2,0.836772,0.255274,0.197359
2,0.799663,0.34655,0.21454
2,0.784899,0.237753,0.172098
2,0.878131,0.317354,0.0959184
2,0.817867,0.350808,0.0872155
2,0.820248,0.274368,0.119762
2,0.74064,0.245501,0.155615
2,0.77226,0.316496,0.19461
2,0.82748,0.353021,0.142307
2,0.845846,0.23913,0.196403
2,0.858744,0.263409,0.232198
2,0.849358,0.213748,0.074759
2,0.823252,0.237194,0.130457
2,0.76189,0.309104,0.0965498
2,0.652148,0.361526,0.191761
2,0.857781,0.254566,0.141473
2,0.858785,0.196357,0.216682
2,0.795223,0.27158,0.155831
2,0.748944,0.195484,0.167495
2,0.820764,0.319006,0.1374
2,0.813366,0.410706,0.126672
2,0.839336,0.309157,0.215877
2,0.829979,0.243596,0.210196
2,0.949242,0.214264,0.288548
2,0.858282,0.341351,0.172113
2,0.866962,0.336043,0.220341
2,0.727357,0.361505,0.172717
2,0.794349,0.222734,0.154616
2,0.893441,0.353298,0.110155
2,0.883524,0.199379,0.0610613
2,0.81098,0.315631,0.215837
2,0.770173,0.241544,0.140599
2,0.803476,0.257077,0.119453
2,0.772559,0.286146,0.202775
2,0.806117,0.38784,0.123681
2,0.78051,0.296786,0.104183
2,0.842845,0.328728,0.190362
2,0.844915,0.207765,0.169028
2,0.811537,0.27495,0.188086
2,0.800842,0.275475,0.185715
2,0.874273,0.321656,0.178672
2,0.858458,0.303594,0.168843
2,0.7856,0.281549,0.164366
2,0.84204,0.461003,0.250537
2,0.766294,0.284613,0.176836
2,0.769992,0.258278,0.186527
2,0.984979,0.279218,0.152746
2,0.837925,0.285414,0.0262485
2,0.778935,0.305251,0.0910028
2,0.85693,0.261921,0.0312653
2,0.850085,0.194575,0.14897
2,0.90616,0.31226,0.158604
2,0.860839,0.26254,0.179613
2,0.775022,0.366801,0.146117
2,0.778881,0.292579,0.113259
2,0.753538,0.298119,0.12698
2,0.843153,0.31017,0.175505
2,0.870408,0.328854,0.154349
2,0.886134,0.294533,0.159066
2,0.918794,0.316131,0.107165
2,0.85799,0.207811,0.120869
2,0.774972,0.320101,0.289759
2,0.949566,0.276198,0.0556035
2,0.799246,0.302393,0.177849
2,0.902988,0.276078,0.281544
2,0.844779,0.20814,0.158239
2,0.828349,0.260163,0.10874
2,0.889782,0.387887,0.167829
2,0.868084,0.179983,0.103118
2,0.833461,0.291516,0.078374
2,0.731258,0.364853,0.229364
2,0.931402,0.327652,0.252391
2,0.754547,0.383682,0.107836
2,0.83029,0.27504,0.188956
2,0.80076,0.322107,0.141589
2,0.89054,0.249241,0.239932
2,0.747683,0.272877,0.145862
2,0.709686,0.357784,0.159478
2,0.861137,0.347292,0.12037
2,0.875714,0.273611,0.10227
2,0.798613,0.249948,0.0680584
2,0.848808,0.320651,0.0857005
2,0.860753,0.234881,0.0869338
2,0.807314,0.316092,0.253624
2,0.863019,0.236022,0.230912
2,0.849685,0.423738,0.19072
2,0.865947,0.250475,0.198085
2,0.83726,0.222607,0.127444
2,0.852491,0.319434,0.147217
2,0.809178,0.264392,0.120585
2,0.816154,0.341903,0.0854417
2,0.889568,0.262922,0.184877
2,0.755698,0.379272,0.142861
2,0.874633,0.190503,0.106376
2,0.844585,0.414364,0.164023
2,0.870058,0.271168,0.107362
2,0.738628,0.270284,0.193168
2,0.800958,0.350509,0.183694
2,0.88489,0.334182,0.175359
2,0.812186,0.234345,0.160011
2,0.840634,0.351863,0.105071
2,0.874181,0.239789,0.142899
2,0.803099,0.254606,0.130718
2,0.76516,0.331809,0.0652175
2,0.737427,0.301298,0.149385
2,0.804089,0.274051,0.00757666
2,0.793174,0.321616,0.0787325
2,0.869482,0.212419,0.116057
2,0.801168,0.245533,0.113571
2,0.797928,0.326258,0.152563
2,0.766401,0.351471,0.131376
2,0.848727,0.346891,0.138954
2,0.896761,0.280252,0.132967
2,0.799183,0.300874,0.09935
2,0.758027,0.305013,0.201009
2,0.787772,0.280019,0.231503
2,0.844992,0.256536,0.0597007
2,0.867741,0.281497,0.167709
2,0.847103,0.310031,0.179112
2,0.877235,0.33386,0.211776
2,0.811326,0.273896,0.160913
2,0.757453,0.324758,0.120948
2,0.8215,0.333869,0.103021
2,0.961499,0.286639,0.251626
2,0.860433,0.287308,0.207891
2,0.84532,0.303481,0.156773
2,0.866763,0.304927,0.119342
2,0.875474,0.276746,0.168119
2,0.74382,0.370494,0.12807
2,0.801344,0.299086,0.093594
2,0.792294,0.208241,0.0560849
2,0.81935,0.254294,0.176362
2,0.909845,0.340699,0.204085
2,0.884162,0.280184,0.133618
2,0.807209,0.180839,0.269292
2,0.791329,0.277767,0.263696
2,0.804279,0.370458,0.171293
2,0.81682,0.299391,0.11201
2,0.89023,0.371657,0.168226
2,0.882896,0.315488,0.195547
2,0.845974,0.248672,0.283082
2,0.874039,0.34322,0.0908422
2,0.78051,0.208534,0.140913
2,0.854641,0.281673,0.212817
2,0.747167,0.256413,0.17066
2,0.777831,0.331067,0.145979
2,0.847411,0.259389,0.120775
2,0.778654,0.33772,0.127792
2,0.721218,0.386566,0.222466
2,0.82377,0.286136,0.146352
2,0.758854,0.341128,0.173635
2,0.863026,0.31686,0.142782
2,0.768665,0.279231,0.225709
2,0.868426,0.2284,0.0753021
2,0.789062,0.303849,0.132922
2,0.794463,0.260398,0.154309
2,0.84078,0.430178,0.183043
2,0.940726,0.251669,0.180402
2,0.783764,0.355769,0.0861058
2,0.821079,0.29614,0.242042
2,0.789588,0.32561,0.108559
2,0.884066,0.31583,0.174378
2,0.868428,0.322277,0.139108
2,0.771462,0.391581,0.12899
2,0.892095,0.360372,0.172247
2,0.828111,0.334793,0.044808
2,0.784845,0.219885,0.217436
2,0.785552,0.277336,0.170981
2,0.785242,0.247593,0.139978
2,0.974723,0.269268,0.17975
2,0.834212,0.271576,0.146072
2,0.85903,0.310497,0.209924
2,0.950093,0.233534,0.143175
2,0.964354,0.315607,0.0658153
2,0.780058,0.301611,0.164751
2,0.840839,0.318154,0.127592
2,0.778627,0.299627,0.100911
2,0.967657,0.362095,0.166963
2,0.909176,0.259653,0.150119
2,0.797505,0.247873,0.151795
2,0.8415,0.285511,0.193643
2,0.844452,0.320053,0.17873
2,0.808507,0.334732,0.250551
2,0.779379,0.353727,0.117753
2,0.840239,0.324244,0.115483
2,0.868792,0.234687,0.204964
2,0.773349,0.25843,0.210188
2,0.80816,0.294387,0.12577
2,0.864204,0.257213,0.16191
2,0.818339,0.320604,0.177795
2,0.856841,0.296026,0.229742
2,0.837384,0.251641,0.156368
2,0.734702,0.289786,0.165238
2,0.878106,0.279681,0.0707458
2,0.905237,0.347193,0.212094
2,0.914732,0.348751,0.212889
2,0.742784,0.323253,0.186534
2,0.865857,0.283347,0.0384716
2,0.802356,0.380173,0.175199
2,0.821741,0.315221,0.0753699
2,0.807106,0.278368,0.184194
2,0.82968,0.29005,0.0974613
2,0.914502,0.244575,0.195127
2,0.830227,0.329101,0.171152
2,0.789376,0.250338,0.137131
2,0.814001,0.321674,0.161103
2,0.898536,0.262251,0.154449
2,0.917293,0.246302,0.231926
2,0.858955,0.266703,0.253459
2,0.8211,0.284101,0.215201
2,0.828852,0.312494,0.19681
2,0.769602,0.296145,0.12345
2,0.867258,0.319751,0.0648966
2,0.812413,0.200199,0.182775
2,0.77375,0.263359,0.179315
2,0.824993,0.188968,0.0621172
2,0.880619,0.172455,0.262164
2,0.870644,0.372266,0.146684
2,0.844206,0.368293,0.0419583
2,0.856887,0.213615,0.15892
2,0.812015,0.326265,0.0288328
2,0.885435,0.218632,0.0346594
2,0.816082,0.321851,0.075162
2,0.861025,0.235401,0.226905
2,0.690566,0.280257,0.160597
2,0.791106,0.272464,0.0290892
2,0.817336,0.315734,0.0472546
2,0.76441,0.272108,0.16045
2,0.783393,0.351535,0.193908
2,0.84022,0.258236,0.179322
2,0.807873,0.304069,0.146706
2,0.748967,0.257894,0.125043
2,0.845407,0.32233,0.148391
2,0.753542,0.220847,0.0918334
2,0.959333,0.170337,0.111731
2,0.809885,0.180946,0.145462
2,0.837371,0.269569,0.102878
2,0.889207,0.265901,0.127332
2,0.916646,0.170616,0.188524
2,0.713551,0.416765,0.161714
2,0.781902,0.271146,0.10106
2,0.942976,0.273098,0.160026
2,0.886669,0.277687,0.218176
2,0.819711,0.417628,0.142755
2,0.849767,0.23153,0.169239
2,0.998972,0.326336,0.17836
2,0.862486,0.261544,0.191184
2,0.913021,0.306438,0.0722125
2,0.899065,0.302788,0.138195
2,0.860528,0.333898,0.139685
2,0.87367,0.282122,0.235528
2,0.844286,0.253738,0.0702745
2,0.853943,0.426012,0.160999
2,0.788464,0.328955,0.0927426
2,0.846175,0.333156,0.0718833
2,0.82716,0.20302,0.154736
2,0.842828,0.2304,0.195563
2,0.85332,0.218704,0.0740011
2,0.807453,0.292351,0.194444
2,0.85972,0.180385,0.135695
2,0.77381,0.33081,0.135433
2,0.770869,0.281271,0.131081
2,0.881361,0.312281,0
2,0.797186,0.33967,0.145094
2,0.784656,0.340681,0.223164
2,0.826407,0.327853,0.182981
2,0.841818,0.233957,0.0891818
2,0.862341,0.31187,0.126242
2,0.740728,0.37006,0.234565
2,0.881805,0.308815,0.225547
2,0.671038,0.259224,0.204024
2,0.802581,0.325499,0.135854
2,0.867044,0.322753,0.171241
2,0.844701,0.257239,0.132055
2,0.802434,0.244409,0.150567
2,0.819125,0.281488,0.140841
2,0.931024,0.259331,0.120048
2,0.861901,0.348592,0.224042
2,0.874548,0.278858,0.0756192
2,0.880029,0.318882,0.185522
2,0.811104,0.283626,0.116422
2,0.848183,0.288878,0.11757
2,0.742783,0.233712,0.119361
2,0.799596,0.365056,0.136073
2,0.919179,0.29143,0.249524
2,0.842981,0.251976,0.177436
2,0.887012,0.323123,0.155019
2,0.777834,0.34162,0.14203
2,0.837354,0.210643,0.141831
2,0.862411,0.317311,0.11185
2,0.793153,0.313401,0.156961
2,0.872037,0.209371,0.141557
2,0.814877,0.286816,0.145046
2,0.841272,0.296823,0.230638
2,0.86373,0.251049,0.107366
2,0.794561,0.260645,0.179917
2,0.853096,0.211501,0.150445
2,0.881788,0.264255,0.225928
2,0.680078,0.314286,0.183216
2,0.814085,0.235656,0.175936
2,0.825687,0.320932,0.16263
2,0.770067,0.238621,0.159142
2,0.856824,0.33052,0.198844
2,0.807214,0.235545,0.0982739
2,0.900071,0.271843,0.0694249
2,0.868365,0.228118,0.149036
2,0.819522,0.331052,0.140384
2,0.859925,0.282199,0.189686
2,0.797788,0.280078,0.129748
2,0.803821,0.343073,0.225297
2,0.849719,0.330792,0.135217
2,0.834471,0.256145,0.199006
2,0.783402,0.377019,0.111193
2,0.934598,0.268405,0.202999
2,0.833658,0.19936,0.149722
2,0.887533,0.299544,0.252691
2,0.671805,0.305701,0.226577
2,0.970926,0.317308,0.149135
2,0.8851,0.256592,0.148643
2,0.841566,0.350152,0.077608
2,0.845329,0.266936,0.0461477
2,0.854034,0.30004,0.153981
2,0.831751,0.253163,0.201915
2,0.818853,0.228618,0.167594
2,0.872179,0.291778,0.139663
2,0.716763,0.330806,0.264886
2,0.822636,0.26261,0.120346
2,0.906258,0.320177,0.141475
2,0.843797,0.254647,0.124593
2,0.804043,0.231507,0.170248
2,0.699639,0.257055,0.0763167
2,0.958775,0.258879,0.146931
2,0.946267,0.220349,0.0718284
2,0.844475,0.348977,0.154877
2,0.833415,0.332998,0.145858
2,0.768867,0.297811,0.170551
2,0.809951,0.32996,0.183078
2,0.819572,0.348268,0.203828
2,0.872748,0.275087,0.0657707
2,0.704986,0.399232,0.203961
2,0.889289,0.248065,0.163277
2,0.929169,0.285249,0.110159
2,0.88593,0.340565,0.101692
2,0.71568,0.255138,0.20547
2,0.828761,0.307008,0.267985
2,0.882882,0.348374,0.171935
2,0.785987,0.350487,0.116739
2,0.864647,0.358867,0.0743427
2,0.864644,0.318391,0.234896
2,0.868507,0.254896,0.108506
2,0.902548,0.356402,0.244347
2,0.880081,0.165947,0.161445
2,0.775407,0.331219,0.210879
2,0.829955,0.426258,0.117082
2,0.911957,0.278162,0.0601916
2,0.897594,0.306668,0.201942
2,0.691961,0.295035,0.172021
2,0.747258,0.307985,0.214702
2,0.848584,0.365594,0.179591
2,0.828416,0.289261,0.127557
2,0.783259,0.34659,0.123287
2,0.893145,0.293991,0.113371
2,0.974614,0.249934,0.178492
2,0.77385,0.238069,0.253088
2,0.849973,0.264834,0.201834
2,0.876545,0.419334,0.139386
2,0.836043,0.18724,0.203664
2,0.767739,0.300464,0.219577
2,0.900886,0.269594,0.223231
2,0.799325,0.257552,0.0773992
2,0.84859,0.341379,0.131054
2,0.864183,0.294151,0.0881753
2,0.926556,0.382798,0.124965
2,0.849672,0.254035,0.22676
2,0.833212,0.362477,0.247712
2,0.863367,0.309995,0.0639786
2,0.785607,0.257096,0.162376
2,0.811617,0.296441,0.223158
2,0.881779,0.276571,0.162447
2,0.806615,0.210903,0.11879
2,0.900072,0.295812,0.186666
2,0.763246,0.255826,0.109405
2,0.792024,0.276242,0.127898
2,0.746768,0.338509,0.182523
2,0.87018,0.182047,0.168002
2,0.868558,0.32697,0.19429
2,0.776376,0.194392,0.102948
2,0.851926,0.176028,0.191643
2,0.839814,0.333199,0.20203
2,0.806302,0.341766,0.133754
2,0.854565,0.309981,0.132524
2,0.821223,0.2481,0.17894
2,0.837143,0.281217,0.0922577
2,0.869843,0.289985,0.160305
2,0.831728,0.240248,0.243625
2,0.812775,0.276686,0.176073
2,0.91251,0.259219,0.112281
2,0.866397,0.22779,0.103988
2,0.847751,0.295146,0.102088
2,0.875625,0.305569,0.132966
2,0.81775,0.315752,0.144754
2,0.765818,0.303195,0.121185
2,0.775258,0.345882,0.125529
2,0.975902,0.241734,0.157816
2,0.840748,0.378314,0.236868
2,0.755664,0.339045,0.0898512
2,0.766395,0.344524,0.145241
2,0.816855,0.297072,0.22896
2,0.851305,0.272674,0.108595
2,0.82162,0.250876,0.164592
2,0.77415,0.226983,0.0427095
2,0.813291,0.237958,0.158967
2,0.766227,0.187148,0.0532665
2,0.810874,0.312483,0.152241
2,0.90027,0.275382,0.151914
2,0.830101,0.329809,0.147539
2,0.800117,0.267003,0.162475
2,0.900169,0.414641,0.108553
2,0.847879,0.347295,0.139692
2,0.812021,0.282288,0.127905
2,0.789556,0.382049,0.255502
2,0.814925,0.230651,0.206577
2,0.906716,0.241302,0.185119
2,0.793696,0.26458,0.191654
2,0.763478,0.360511,0.0646411
2,0.859658,0.229954,0.19164
2,0.855831,0.435242,0.256815
2,0.846317,0.303145,0.108721
2,0.72282,0.275904,0.111386
2,0.835626,0.443209,0.149712
2,0.9347,0.257089,0.204056
2,0.814762,0.354004,0.178478
2,0.772446,0.237746,0.149631
2,0.896754,0.378555,0.2095
2,0.742509,0.38657,0.0177661
2,0.824566,0.318104,0.176381
2,0.746859,0.328817,0.0949951
2,0.682944,0.199221,0.161539
2,0.878212,0.337545,0.137129
2,0.827747,0.21219,0.164527
2,0.841287,0.303143,0.123787
2,0.865323,0.238552,0.0968238
2,0.795415,0.298557,0.0917275
2,0.789676,0.316299,0.159753
2,0.921104,0.346691,0.11753
2,0.710798,0.286193,0.0433476
2,0.87676,0.302909,0.0697079
2,0.862559,0.318712,0.207386
2,0.824572,0.348562,0.173309
2,0.810905,0.376414,0.134018
2,0.785107,0.211452,0.0852431
2,0.909395,0.369841,0.215869
2,0.864608,0.246868,0.0962011
2,0.812057,0.32612,0.0890123
2,0.835227,0.28775,0.154989
2,0.827325,0.273085,0.100127
2,0.718361,0.237349,0.123525
2,0.818178,0.223711,0.131664
2,0.859685,0.211018,0.174417
2,0.806343,0.422248,0.128824
2,0.890686,0.277104,0.134831
2,0.872358,0.379774,0.197277
2,0.735129,0.404359,0.185254
2,0.877106,0.317633,0.122295
2,0.969494,0.353533,0.0988942
2,0.825117,0.316929,0.134446
2,0.800145,0.31231,0.138083
2,0.889705,0.213788,0.0893131
2,0.814367,0.243384,0.118976
2,0.815748,0.349825,0.181041
2,0.8421,0.285626,0.0159098
2,0.819209,0.296116,0.0575493
2,0.897854,0.358912,0.18815
2,0.71646,0.331221,0.223763
2,0.852935,0.419871,0.116785
2,0.784785,0.359027,0.195008
2,0.774753,0.32658,0.204294
2,0.818927,0.365721,0.177211
2,0.756358,0.348533,0.0653777
2,0.817032,0.28286,0.1491
2,0.772803,0.242642,0.171114
2,0.86294,0.306934,0.18767
2,0.826063,0.279977,0.125485
2,0.879686,0.23226,0.162314
2,0.786524,0.26392,0.110341
2,0.833687,0.222869,0.123452
2,0.826569,0.353602,0.162224
2,0.757833,0.287268,0.211388
2,0.874815,0.385731,0.10638
2,0.858158,0.234946,0.160881
2,0.799149,0.30366,0.100467
2,0.828023,0.282197,0.160092
2,0.870362,0.26448,0.13664
2,0.869274,0.322999,0.154574
2,0.79169,0.335122,0.222956
2,0.869597,0.234791,0.0654781
2,0.880263,0.342054,0.146706
2,0.841917,0.283419,0.155249
2,0.830259,0.299898,0.206953
2,0.845165,0.361896,0.171737
2,0.856608,0.349061,0.190603
2,0.821318,0.27262,0.233489
2,0.763413,0.299711,0.178726
2,0.838059,0.297239,0.143427
2,0.825696,0.375916,0.180176
2,0.765538,0.303176,0.181828
2,0.905985,0.402959,0.143288
2,0.829972,0.238947,0.177961
2,0.836772,0.306571,0.1546
2,0.796469,0.319224,0.140718
2,0.821762,0.374144,0.199651
